file,rms
/home/ntdong/Data/STT_dataset/56.augment_13_11_2023/27563_486_3977263042048571115_time_mask_duyanh_augment.wav,1.0388687
/home/ntdong/Data/STT_dataset/52.short_noise/527_766_12082001259535908107_time_mask_short_noise.wav,1.2376533
/home/ntdong/Data/STT_dataset/13.VLSP-ASR-2021/labeled_trainingset/wav/375-00081205-00081506_bg_noise_denoise_dns48.wav,0.59790564
/home/ntdong/Data/STT_dataset/56.augment_13_11_2023/36822_23284_797_15158788152401766280_mp3_compression_short_noise_audioaugmentation.wav,1.3494284
/home/ntdong/Data/STT_dataset/56.augment_13_11_2023/13065_392_14992120182130342405_mp3_compression_duyanh_augment.wav,1.1997297
/home/ntdong/Data/STT_dataset/21.fleurs/vi_vn/audio/test/1412261265106632938.wav,1.4361063
/home/ntdong/Data/STT_dataset/duyanh/naver/augment_codec_bg/augment_noise_smallroom_5_dataset_full_train_733_codec_gsm.wav,0.3797531
/home/ntdong/Data/STT_dataset/56.augment_13_11_2023/36717_1813_16619166252722266833_hai_compresison_aac_duyanh_augment.wav,1.14919
/home/ntdong/Data/STT_dataset/duyanh/naver/augment_codec_bg/augment_music_real_rirs_15_dataset_full_train_1761_codec_ulaw.wav,0.0313456
/home/ntdong/Data/STT_dataset/52.short_noise/36737_226_6978235912633160361_time_mask_short_noise.wav,1.2449688
/home/ntdong/Data/STT_dataset/duyanh/naver/augment_codec_bg/augment_music_real_rirs_5_dataset_full_train_280_codec_ulaw.wav,1.3726023
/home/ntdong/Data/STT_dataset/21.fleurs/vi_vn/audio/train/13177088491910410725.wav,1.268244
/home/ntdong/Data/STT_dataset/56.augment_13_11_2023/188753_38211_35_12136360513506540151_time_stretch_short_noise_duyanh_augment.wav,1.2391537
/home/ntdong/Data/STT_dataset/56.augment_13_11_2023/2870_648b3032608325be6fe95618_audioaugmentation.wav,0.91555953
/home/ntdong/Data/STT_dataset/duyanh/naver/augment_codec_bg/augment_music_largeroom_5_dataset_full_train_787_codec_vorbis.wav,0.010344678
/home/ntdong/Data/STT_dataset/duyanh/naver/augment_codec_bg/augment_noise_smallroom_15_dataset_full_train_936_codec_vorbis.wav,0.016855488
/home/ntdong/Data/STT_dataset/duyanh/naver/augment_codec_bg/augment_music_largeroom_5_dataset_full_train_1639_codec_ulaw.wav,1.050717
/home/ntdong/Data/STT_dataset/10.telesale/audio_telesale/nlinh/1575256957.36811_16k.wav/split_1/split_1_bg_noise_denoise_dns48.wav,0.84595215
/home/ntdong/Data/STT_dataset/21.fleurs/vi_vn/audio/train/1400109587702781292.wav,1.4077028
/home/ntdong/Data/STT_dataset/common_voice_12_13/cv-corpus-13.0-2023-03-09/vi/clips/common_voice_vi_28434655.wav,1.2958133
/home/ntdong/Data/STT_dataset/duyanh/naver/augment_codec_bg/augment_music_real_rirs_5_dataset_full_train_951_codec_gsm.wav,0.32402012
/home/ntdong/Data/STT_dataset/56.augment_13_11_2023/4159_2674_9471562480651576280_hai_compresison_alac_duyanh_augment.wav,1.4850929
/home/ntdong/Data/STT_dataset/21.fleurs/vi_vn/audio/train/4381248817926710292.wav,1.4819126
/home/ntdong/Data/STT_dataset/52.short_noise/9257_156_11929091982028278436_time_mask_short_noise.wav,1.4555166
/home/ntdong/Data/STT_dataset/duyanh/naver/augment_codec_bg/augment_music_smallroom_10_dataset_full_train_1677_codec_ulaw.wav,0.5163982
/home/ntdong/Data/STT_dataset/common_voice_12_13/cv-corpus-12.0-2022-12-07/vi/clips/common_voice_vi_32592627.wav,0.5971552
/home/ntdong/Data/STT_dataset/duyanh/naver/augment_codec_bg/augment_noise_mediumroom_10_dataset_full_train_1565_codec_vorbis.wav,0.52207315
/home/ntdong/Data/STT_dataset/56.augment_13_11_2023/2769_3764859453368999929_duyanh_augment.wav,0.44314015
/home/ntdong/Data/STT_dataset/duyanh/naver/augment_codec_bg/augment_noise_mediumroom_10_dataset_full_train_1249_codec_ulaw.wav,1.2873579
/home/ntdong/Data/STT_dataset/10.telesale/audio_telesale/nlinh/1576033706.82270_16k.wav/split_4/split_4_bg_noise_denoise_dns48.wav,1.3223705
/home/ntdong/Data/STT_dataset/duyanh/naver/augment_codec_bg/augment_music_real_rirs_5_dataset_full_train_151_codec_vorbis.wav,1.1660256
/home/ntdong/Data/STT_dataset/duyanh/naver/augment_codec_bg/augment_music_largeroom_5_dataset_full_train_1648_codec_ulaw.wav,0.25361472
/home/ntdong/Data/STT_dataset/duyanh/naver/20.augment_loud/6487500d1ae6763400b69988.wav,1.2513801
/home/ntdong/Data/STT_dataset/21.fleurs/vi_vn/audio/train/9223067000120434587.wav,1.4894674
/home/ntdong/Data/STT_dataset/52.short_noise/35589_1646_3867010376758210728_time_mask_short_noise.wav,1.1252775
/home/ntdong/Data/STT_dataset/56.augment_13_11_2023/13340_augment_music_smallroom_10_youtube_12_2022_train_137_audioaugmentation.wav,0.7927338
/home/ntdong/Data/STT_dataset/56.augment_13_11_2023/1999_18128407156748531096_duyanh_augment.wav,0.82458943
/home/ntdong/Data/STT_dataset/duyanh/naver/augment_codec_bg/augment_noise_largeroom_5_dataset_full_train_382_codec_ulaw.wav,0.0041966215
/home/ntdong/Data/STT_dataset/56.augment_13_11_2023/3565_648dbf434c840278da3dff3c_duyanh_augment.wav,0.5536028
/home/ntdong/Data/STT_dataset/56.augment_13_11_2023/2233_12042492393495426898_duyanh_augment.wav,1.0872895
/home/ntdong/Data/STT_dataset/56.augment_13_11_2023/44889_1816_8573970136125886089_time_mask_duyanh_augment.wav,1.4471768
/home/ntdong/Data/STT_dataset/26.augment/augment_music_real_rirs_15_fpt_train_293.wav,0.9374332
/home/ntdong/Data/STT_dataset/duyanh/naver/20.augment_loud/648745f71ae6763ae2b68efc.wav,1.2188921
/home/ntdong/Data/STT_dataset/52.short_noise/47066_1076_9786247100438788637_time_mask_short_noise.wav,1.2011282
/home/ntdong/Data/STT_dataset/52.short_noise/4087_648b1899608325343ae91b43_short_noise.wav,1.2385793
/home/ntdong/Data/STT_dataset/10.telesale/audio_telesale/ntuy/1581478476.275358_16k.wav/split_0/split_0_bg_noise_denoise_dns48.wav,1.1175916
/home/ntdong/Data/STT_dataset/21.fleurs/vi_vn/audio/train/10196117975304697215.wav,1.0603956
/home/ntdong/Data/STT_dataset/56.augment_13_11_2023/2545_3097523119117147857_duyanh_augment.wav,1.3284721
/home/ntdong/Data/STT_dataset/56.augment_13_11_2023/135985_62367_2531_2968657730897322921_time_mask_short_noise_duyanh_augment.wav,0.57569426
/home/ntdong/Data/STT_dataset/56.augment_13_11_2023/317513_5690_648729b61ae676252cb660e1_short_noise_duyanh_augment.wav,0.4931774
/home/ntdong/Data/STT_dataset/56.augment_13_11_2023/31547_common_voice_vi_32592624_duyanh_augment.wav,0.55592704
/home/ntdong/Data/STT_dataset/56.augment_13_11_2023/140969_25041_4_7468627529637838899_hai_compresison_alac_short_noise_duyanh_augment.wav,0.6563262
/home/ntdong/Data/STT_dataset/52.short_noise/5106_648f36a2bd5f01c39cbc0553_short_noise.wav,1.459871
/home/ntdong/Data/STT_dataset/52.short_noise/26954_356_1418314103348848583_time_mask_short_noise.wav,1.0688223
/home/ntdong/Data/STT_dataset/52.short_noise/55009_2358_12042492393495426898_hai_compresison_aac_short_noise.wav,1.4901636
/home/ntdong/Data/STT_dataset/52.short_noise/5171_648f0920bd5f010ccbbbbc38_short_noise.wav,1.2554413
/home/ntdong/Data/STT_dataset/56.augment_13_11_2023/329_9620739590061234730_duyanh_augment.wav,1.290674
/home/ntdong/Data/STT_dataset/duyanh/naver/augment_codec_bg/augment_music_largeroom_15_dataset_full_train_1798_codec_gsm.wav,0.28533322
/home/ntdong/Data/STT_dataset/56.augment_13_11_2023/62743_augment_noise_mediumroom_15_fpt_train_111_duyanh_augment.wav,0.038946837
/home/ntdong/Data/STT_dataset/35.augment_08_2023/1324_13365413432073204569_hai_compresison_alac.wav,1.2198151
/home/ntdong/Data/STT_dataset/52.short_noise/31093_8302_1620203810.139503_16k_2_compose_gain_short_noise.wav,1.1849093
/home/ntdong/Data/STT_dataset/common_voice_12_13/cv-corpus-12.0-2022-12-07/vi/clips/common_voice_vi_32592626.wav,0.26124436
/home/ntdong/Data/STT_dataset/duyanh/naver/augment_codec_bg/augment_music_mediumroom_10_dataset_full_train_628_codec_ulaw.wav,0.13928373
/home/ntdong/Data/STT_dataset/35.augment_08_2023/1475_5886786562096820074_time_stretch.wav,0.858819
/home/ntdong/Data/STT_dataset/10.telesale/audio_telesale/nlinh/1575859485.68373_16k.wav/split_2/split_2_bg_noise_denoise_dns48.wav,1.0301849
/home/ntdong/Data/STT_dataset/duyanh/naver/augment_codec_bg/augment_noise_real_rirs_10_dataset_full_train_695_codec_ulaw.wav,0.0022022715
/home/ntdong/Data/STT_dataset/52.short_noise/7484_1000_14189474802411665961_time_stretch_short_noise.wav,1.4844965
/home/ntdong/Data/STT_dataset/15.zalo/program-0017/program-0017-00394_bg_noise_denoise_dns48.wav,0.72937286
/home/ntdong/Data/STT_dataset/35.augment_08_2023/2570_5128117065769114297_time_stretch.wav,0.6223848
/home/ntdong/Data/STT_dataset/52.short_noise/16870_common_voice_vi_24536475_short_noise.wav,0.44262317
/home/ntdong/Data/STT_dataset/56.augment_13_11_2023/5881_64847fdc19e040338c5e2bd5_duyanh_augment.wav,1.1264113
/home/ntdong/Data/STT_dataset/21.fleurs/vi_vn/audio/train/9232285001659191626.wav,1.0740103
/home/ntdong/Data/STT_dataset/52.short_noise/4740_648b3bf86083254554e972f8_short_noise.wav,1.2720717
/home/ntdong/Data/STT_dataset/52.short_noise/45997_2036_9131925913865737515_time_mask_short_noise.wav,1.492278
/home/ntdong/Data/STT_dataset/56.augment_13_11_2023/1912_17680749552498612886_audioaugmentation.wav,1.1641768
/home/ntdong/Data/STT_dataset/duyanh/naver/augment_codec_bg/augment_music_mediumroom_10_dataset_full_train_1304_codec_ulaw.wav,0.01718546
/home/ntdong/Data/STT_dataset/52.short_noise/54695_305_2274944403961584706_time_stretch_short_noise.wav,0.81459564
/home/ntdong/Data/STT_dataset/56.augment_13_11_2023/20815_30129_215_11156618375030757696_time_stretch_short_noise_duyanh_augment.wav,0.9173677
/home/ntdong/Data/STT_dataset/26.augment/augment_music_smallroom_10_mix_train_25.wav,0.03685531
/home/ntdong/Data/STT_dataset/21.fleurs/vi_vn/audio/test/16063384082369300027.wav,1.0089097
/home/ntdong/Data/STT_dataset/56.augment_13_11_2023/73469_augment_noise_largeroom_10_fpt_train_310_duyanh_augment.wav,0.024413602
/home/ntdong/Data/STT_dataset/52.short_noise/3747_6485e0ac850351a528e4ec6c_short_noise.wav,1.2011706
/home/ntdong/Data/STT_dataset/duyanh/naver/augment_codec_bg/augment_noise_real_rirs_10_dataset_full_train_949_codec_ulaw.wav,0.0016507169
/home/ntdong/Data/STT_dataset/26.augment/augment_noise_mediumroom_5_m4a_train_90.wav,1.0522361
/home/ntdong/Data/STT_dataset/56.augment_13_11_2023/39628_8779_525_932178545383787429_time_stretch_short_noise_audioaugmentation.wav,0.82550615
/home/ntdong/Data/STT_dataset/56.augment_13_11_2023/2584_6485ec6a8503516d1ae501f4_audioaugmentation.wav,0.62201333
/home/ntdong/Data/STT_dataset/56.augment_13_11_2023/56683_403_64848df219e040d02d5e40ba_short_noise_duyanh_augment.wav,0.40089628
/home/ntdong/Data/STT_dataset/52.short_noise/33404_1430_14890637406878895502_time_stretch_short_noise.wav,1.032129
/home/ntdong/Data/STT_dataset/duyanh/naver/20.augment_loud/648b365460832576bfe964a5.wav,1.2813734
/home/ntdong/Data/STT_dataset/common_voice_12_13/cv-corpus-12.0-2022-12-07/vi/clips/common_voice_vi_32592623.wav,0.5168979
/home/ntdong/Data/STT_dataset/duyanh/naver/augment_codec_bg/augment_music_smallroom_10_dataset_full_train_819_codec_gsm.wav,1.2913067
/home/ntdong/Data/STT_dataset/56.augment_13_11_2023/909_13623898274429459653_duyanh_augment.wav,0.5540954
/home/ntdong/Data/STT_dataset/56.augment_13_11_2023/3676_648b1ea160832522c7e9279c_audioaugmentation.wav,0.68123186
/home/ntdong/Data/STT_dataset/52.short_noise/61314_2700_1145210138354391683_time_stretch_short_noise.wav,1.2182393
/home/ntdong/Data/STT_dataset/56.augment_13_11_2023/163285_32201_1310_13162150626580556695_time_stretch_short_noise_duyanh_augment.wav,1.3233807
/home/ntdong/Data/STT_dataset/56.augment_13_11_2023/2120_17345893298179304247_audioaugmentation.wav,1.1204822
/home/ntdong/Data/STT_dataset/56.augment_13_11_2023/190471_44783_1424_9078369462283641130_hai_compresison_alac_short_noise_duyanh_augment.wav,0.35715002
/home/ntdong/Data/STT_dataset/duyanh/naver/20.augment_loud/6485eea3850351f5bce50644.wav,1.2708505
/home/ntdong/Data/STT_dataset/56.augment_13_11_2023/385_2215_11158540918299428613_time_stretch_duyanh_augment.wav,1.000917
/home/ntdong/Data/STT_dataset/52.short_noise/5101_648f254bbd5f015be8bbeedf_short_noise.wav,1.4050884
/home/ntdong/Data/STT_dataset/duyanh/naver/augment_codec_bg/augment_noise_smallroom_15_dataset_full_train_1019_codec_gsm.wav,0.3746586
/home/ntdong/Data/STT_dataset/52.short_noise/498_1345_2579277833286190279_time_stretch_short_noise.wav,1.3447092
/home/ntdong/Data/STT_dataset/26.augment/augment_music_real_rirs_5_m4a_train_12.wav,1.0989946
/home/ntdong/Data/STT_dataset/56.augment_13_11_2023/10178_55426_4690_new_bg_noise_denoise_dns48_short_noise_audioaugmentation.wav,0.33950937
/home/ntdong/Data/STT_dataset/56.augment_13_11_2023/159295_33669_1224_9088029412031891891_hai_compresison_alac_short_noise_duyanh_augment.wav,1.266926
/home/ntdong/Data/STT_dataset/duyanh/naver/augment_codec_bg/augment_noise_largeroom_5_dataset_full_train_621_codec_gsm.wav,0.39494842
/home/ntdong/Data/STT_dataset/duyanh/naver/20.augment_loud/6484695a19e04053ba5e15ef.wav,1.2924489
/home/ntdong/Data/STT_dataset/52.short_noise/51268_757_8340383448516013638_mp3_compression_short_noise.wav,1.3878887
/home/ntdong/Data/STT_dataset/duyanh/naver/augment_codec_bg/augment_music_largeroom_15_dataset_full_train_534_codec_gsm.wav,0.77592456
/home/ntdong/Data/STT_dataset/26.augment/augment_noise_largeroom_5_vlsp_asr_2021_train_25.wav,0.016634975
/home/ntdong/Data/STT_dataset/56.augment_13_11_2023/256385_6043_6485e3b18503516c98e4f184_short_noise_duyanh_augment.wav,1.1428734
/home/ntdong/Data/STT_dataset/26.augment/augment_noise_mediumroom_5_zalo_train_27.wav,0.5632154
/home/ntdong/Data/STT_dataset/21.fleurs/vi_vn/audio/train/5128117065769114297.wav,0.93602616
/home/ntdong/Data/STT_dataset/duyanh/naver/augment_codec_bg/augment_noise_mediumroom_15_dataset_full_train_511_codec_gsm.wav,0.28134257
/home/ntdong/Data/STT_dataset/56.augment_13_11_2023/27603_augment_noise_largeroom_10_vlsp_asr_2021_train_128_duyanh_augment.wav,0.024753481
/home/ntdong/Data/STT_dataset/common_voice_12_13/cv-corpus-12.0-2022-12-07/vi/clips/common_voice_vi_32592622.wav,0.40220594
/home/ntdong/Data/STT_dataset/52.short_noise/4978_648b1ea160832522c7e9279c_short_noise.wav,1.3104007
/home/ntdong/Data/STT_dataset/52.short_noise/44334_2503_16063384082369300027_hai_compresison_aac_short_noise.wav,1.1550914
/home/ntdong/Data/STT_dataset/56.augment_13_11_2023/55984_36737_226_6978235912633160361_time_mask_short_noise_audioaugmentation.wav,1.0838295
/home/ntdong/Data/STT_dataset/duyanh/naver/augment_codec_bg/augment_music_smallroom_15_dataset_full_train_913_codec_gsm.wav,0.45061526
/home/ntdong/Data/STT_dataset/duyanh/naver/augment_codec_bg/augment_music_smallroom_5_dataset_full_train_1518_codec_vorbis.wav,0.007261071
/home/ntdong/Data/STT_dataset/35.augment_08_2023/1289_2598879805393150479_hai_compresison_alac.wav,1.4895847
/home/ntdong/Data/STT_dataset/56.augment_13_11_2023/5111_648c8107f73a573c4c7d3aba_duyanh_augment.wav,1.2679725
/home/ntdong/Data/STT_dataset/duyanh/naver/augment_codec_bg/augment_music_largeroom_15_dataset_full_train_1342_codec_ulaw.wav,0.5170437
/home/ntdong/Data/STT_dataset/35.augment_08_2023/2779_9616619241208261832_hai_compresison_alac.wav,1.446194
/home/ntdong/Data/STT_dataset/56.augment_13_11_2023/2519_7934705881403224711_duyanh_augment.wav,0.5460077
/home/ntdong/Data/STT_dataset/21.fleurs/vi_vn/audio/train/5354048760867091349.wav,1.4660301
/home/ntdong/Data/STT_dataset/56.augment_13_11_2023/2269_14994378125786078667_duyanh_augment.wav,1.3403635
/home/ntdong/Data/STT_dataset/52.short_noise/44783_1424_9078369462283641130_hai_compresison_alac_short_noise.wav,1.0841563
/home/ntdong/Data/STT_dataset/duyanh/naver/augment_codec_bg/augment_noise_smallroom_10_dataset_full_train_268_codec_vorbis.wav,0.009472157
/home/ntdong/Data/STT_dataset/56.augment_13_11_2023/8553_1095_10828838602453417649_time_stretch_duyanh_augment.wav,1.4748983
/home/ntdong/Data/STT_dataset/56.augment_13_11_2023/201717_20123_1813_16619166252722266833_hai_compresison_aac_short_noise_duyanh_augment.wav,0.39752746
/home/ntdong/Data/STT_dataset/26.augment/augment_noise_smallroom_10_telesale_train_53.wav,0.038037587
/home/ntdong/Data/STT_dataset/52.short_noise/73384_3770_new_bg_noise_denoise_dns48_short_noise.wav,0.7216697
/home/ntdong/Data/STT_dataset/14.tts_VLSP_2021/3182_new_bg_noise_denoise_dns48.wav,0.12501116
/home/ntdong/Data/STT_dataset/duyanh/naver/augment_codec_bg/augment_music_largeroom_10_dataset_full_train_438_codec_vorbis.wav,0.37989697
/home/ntdong/Data/STT_dataset/56.augment_13_11_2023/177729_512_648c8068f73a57f4907d38ba_short_noise_duyanh_augment.wav,0.9032597
/home/ntdong/Data/STT_dataset/52.short_noise/2914_6485df9c8503517903e4ead4_short_noise.wav,1.3968126
/home/ntdong/Data/STT_dataset/duyanh/naver/augment_codec_bg/augment_music_largeroom_10_dataset_full_train_559_codec_vorbis.wav,0.27258292
/home/ntdong/Data/STT_dataset/52.short_noise/403_64848df219e040d02d5e40ba_short_noise.wav,1.3550322
/home/ntdong/Data/STT_dataset/21.fleurs/vi_vn/audio/train/9148335873068512118.wav,1.3220899
/home/ntdong/Data/STT_dataset/21.fleurs/vi_vn/audio/test/14364587039726971001.wav,1.1562669
/home/ntdong/Data/STT_dataset/56.augment_13_11_2023/36773_augment_music_mediumroom_10_vlsp_asr_2021_train_26_duyanh_augment.wav,0.6299865
/home/ntdong/Data/STT_dataset/duyanh/naver/augment_codec_bg/augment_noise_mediumroom_10_dataset_full_train_1377_codec_vorbis.wav,0.0059278198
/home/ntdong/Data/STT_dataset/21.fleurs/vi_vn/audio/train/17421180706520506191.wav,1.0977908
/home/ntdong/Data/STT_dataset/52.short_noise/13177_3764760_lannhi_nu_nam_new_bg_noise_denoise_dns48_short_noise.wav,0.32342672
/home/ntdong/Data/STT_dataset/duyanh/naver/augment_codec_bg/augment_noise_mediumroom_10_dataset_full_train_1673_codec_vorbis.wav,0.009078814
/home/ntdong/Data/STT_dataset/52.short_noise/2385_64888cd0629cf75cb123abd5_short_noise.wav,1.2949201
/home/ntdong/Data/STT_dataset/26.augment/augment_music_smallroom_5_zalo_train_388.wav,0.39957887
/home/ntdong/Data/STT_dataset/52.short_noise/22843_2650_6065366897026867318_time_stretch_short_noise.wav,1.0953828
/home/ntdong/Data/STT_dataset/35.augment_08_2023/2821_6277662445731001268_time_mask.wav,1.2832265
/home/ntdong/Data/STT_dataset/duyanh/naver/augment_codec_bg/augment_noise_smallroom_10_dataset_full_train_836_codec_vorbis.wav,0.9201138
/home/ntdong/Data/STT_dataset/56.augment_13_11_2023/50616_43514_1240_14806627588317551178_time_stretch_short_noise_audioaugmentation.wav,0.9476489
/home/ntdong/Data/STT_dataset/56.augment_13_11_2023/59868_1299_9385957981872039630_hai_compresison_alac_audioaugmentation.wav,1.1879395
/home/ntdong/Data/STT_dataset/56.augment_13_11_2023/250155_10776_660_4132044167956162399_time_stretch_short_noise_duyanh_augment.wav,0.47896048
/home/ntdong/Data/STT_dataset/56.augment_13_11_2023/244473_44392_2810_11398401719019738191_time_stretch_short_noise_duyanh_augment.wav,0.38830748
/home/ntdong/Data/STT_dataset/duyanh/naver/20.augment_loud/6483359ad9f569a49241f921.wav,1.3114866
/home/ntdong/Data/STT_dataset/56.augment_13_11_2023/84895_33404_1430_14890637406878895502_time_stretch_short_noise_duyanh_augment.wav,1.0375438
/home/ntdong/Data/STT_dataset/duyanh/naver/augment_codec_bg/augment_music_real_rirs_5_dataset_full_train_1863_codec_vorbis.wav,0.14442042
/home/ntdong/Data/STT_dataset/56.augment_13_11_2023/159225_3924_648b3ade6083259f78e96fd4_short_noise_duyanh_augment.wav,0.9678908
/home/ntdong/Data/STT_dataset/52.short_noise/38706_950_7857734854219286217_time_stretch_short_noise.wav,1.4364051
/home/ntdong/Data/STT_dataset/52.short_noise/19068_2485_3430201410878699385_time_stretch_short_noise.wav,1.066501
/home/ntdong/Data/STT_dataset/duyanh/naver/20.augment_loud/64b401e0d6657ac69b8ce153.wav,1.2551619
/home/ntdong/Data/STT_dataset/26.augment/augment_music_mediumroom_10_zalo_train_55.wav,0.024470609
/home/ntdong/Data/STT_dataset/35.augment_08_2023/797_15158788152401766280_mp3_compression.wav,1.3527066
/home/ntdong/Data/STT_dataset/35.augment_08_2023/226_6978235912633160361_time_mask.wav,1.1875235
/home/ntdong/Data/STT_dataset/duyanh/naver/augment_codec_bg/augment_noise_mediumroom_5_dataset_full_train_821_codec_ulaw.wav,0.001233567
/home/ntdong/Data/STT_dataset/20.telesale_09_22/2hours_audio_42/splits_20230213/1621220695.192253_16k_0.wav,0.7102799
/home/ntdong/Data/STT_dataset/10.telesale/audio_telesale/tmduy/1578365499.212457_16k.wav/split_3/split_3_bg_noise_denoise_dns48.wav,0.8250741
/home/ntdong/Data/STT_dataset/52.short_noise/23307_1519_431401535124439576_hai_compresison_alac_short_noise.wav,1.2556189
/home/ntdong/Data/STT_dataset/52.short_noise/3347_64888b1e629cf71db523aa4d_short_noise.wav,1.4297278
/home/ntdong/Data/STT_dataset/52.short_noise/10319_1315_595296759565131945_time_stretch_short_noise.wav,1.1384352
/home/ntdong/Data/STT_dataset/26.augment/augment_noise_smallroom_5_m4a_train_452.wav,1.1762316
/home/ntdong/Data/STT_dataset/52.short_noise/39746_60_6863586866721308735_time_stretch_short_noise.wav,0.82570523
/home/ntdong/Data/STT_dataset/21.fleurs/vi_vn/audio/train/2313639936953558785.wav,1.4645479
/home/ntdong/Data/STT_dataset/56.augment_13_11_2023/7_11156618375030757696_duyanh_augment.wav,1.3798989
/home/ntdong/Data/STT_dataset/52.short_noise/4963_6485c660850351acd8e4c68b_short_noise.wav,1.3999187
/home/ntdong/Data/STT_dataset/56.augment_13_11_2023/1296_6485cab88503510d2fe4cc5b_audioaugmentation.wav,1.2812532
/home/ntdong/Data/STT_dataset/52.short_noise/24437_1742_9676181459113222272_mp3_compression_short_noise.wav,1.0489867
/home/ntdong/Data/STT_dataset/56.augment_13_11_2023/60066_2036_9131925913865737515_time_mask_audioaugmentation.wav,1.0435101
/home/ntdong/Data/STT_dataset/56.augment_13_11_2023/344_common_voice_vi_32592629_audioaugmentation.wav,0.5407637
/home/ntdong/Data/STT_dataset/56.augment_13_11_2023/26359_augment_noise_smallroom_5_fpt_train_174_duyanh_augment.wav,0.3420728
/home/ntdong/Data/STT_dataset/duyanh/naver/augment_codec_bg/augment_noise_mediumroom_5_dataset_full_train_1641_codec_gsm.wav,0.37897328
/home/ntdong/Data/STT_dataset/52.short_noise/3584_558_10035666751697940633_hai_compresison_aac_short_noise.wav,1.3630565
/home/ntdong/Data/STT_dataset/56.augment_13_11_2023/471_648b1dff608325679ce925db_duyanh_augment.wav,0.93754166
/home/ntdong/Data/STT_dataset/duyanh/naver/augment_codec_bg/augment_noise_largeroom_5_dataset_full_train_911_codec_ulaw.wav,0.0030528428
/home/ntdong/Data/STT_dataset/10.telesale/audio_telesale/ntuy/1578389204.222524_16k.wav/split_3/split_3_bg_noise_denoise_dns48.wav,0.08965228
/home/ntdong/Data/STT_dataset/52.short_noise/28724_2180_773938936745406513_time_stretch_short_noise.wav,0.9321168
/home/ntdong/Data/STT_dataset/21.fleurs/vi_vn/audio/train/4765101422540622014.wav,1.4136534
/home/ntdong/Data/STT_dataset/duyanh/naver/augment_codec_bg/augment_music_real_rirs_10_dataset_full_train_916_codec_gsm.wav,0.53288585
/home/ntdong/Data/STT_dataset/21.fleurs/vi_vn/audio/train/13017297814584303276.wav,1.2401977
/home/ntdong/Data/STT_dataset/10.telesale/audio_telesale/nlinh/1576035543.82786_16k.wav/split_4/split_4_bg_noise_denoise_dns48.wav,0.7243707
/home/ntdong/Data/STT_dataset/56.augment_13_11_2023/35959_2634_10348723993292846786_hai_compresison_alac_duyanh_augment.wav,1.420045
/home/ntdong/Data/STT_dataset/56.augment_13_11_2023/13592_885_7645183277623857507_time_stretch_audioaugmentation.wav,0.91216093
/home/ntdong/Data/STT_dataset/35.augment_08_2023/580_12627879749161487131_time_stretch.wav,0.8070786
/home/ntdong/Data/STT_dataset/duyanh/naver/augment_codec_bg/augment_music_real_rirs_5_dataset_full_train_1441_codec_vorbis.wav,0.06901925
/home/ntdong/Data/STT_dataset/26.augment/augment_music_largeroom_10_vlsp_asr_2021_train_101.wav,0.48717588
/home/ntdong/Data/STT_dataset/duyanh/naver/augment_codec_bg/augment_music_smallroom_10_dataset_full_train_819_codec_vorbis.wav,1.1194961
/home/ntdong/Data/STT_dataset/52.short_noise/2511_6485ec6a8503516d1ae501f4_short_noise.wav,0.98483574
/home/ntdong/Data/STT_dataset/10.telesale/audio_telesale/tmduy/1577070408.159724_16k.wav/split_4/split_4_bg_noise_denoise_dns48.wav,0.24700075
/home/ntdong/Data/STT_dataset/56.augment_13_11_2023/294522_59780_2470_16729219172162595837_time_stretch_short_noise_audioaugmentation.wav,0.8267748
/home/ntdong/Data/STT_dataset/56.augment_13_11_2023/336272_15180_160_15057408631256003698_time_stretch_short_noise_audioaugmentation.wav,1.0387998
/home/ntdong/Data/STT_dataset/26.augment/augment_noise_mediumroom_5_zalo_train_385.wav,0.0405999
/home/ntdong/Data/STT_dataset/26.augment/augment_music_real_rirs_10_mix_train_200.wav,0.08662553
/home/ntdong/Data/STT_dataset/56.augment_13_11_2023/236647_7101_2845_11104895586647796526_time_stretch_short_noise_duyanh_augment.wav,0.9534228
/home/ntdong/Data/STT_dataset/52.short_noise/43663_634_17566748410596977096_hai_compresison_alac_short_noise.wav,1.3865196
/home/ntdong/Data/STT_dataset/56.augment_13_11_2023/38197_1000_14189474802411665961_time_stretch_duyanh_augment.wav,1.3035861
/home/ntdong/Data/STT_dataset/duyanh/naver/augment_codec_bg/augment_music_mediumroom_10_dataset_full_train_428_codec_ulaw.wav,0.2917194
/home/ntdong/Data/STT_dataset/35.augment_08_2023/2300_4260660769385856930_time_stretch.wav,0.98099697
/home/ntdong/Data/STT_dataset/52.short_noise/35385_2015_15604606956394982843_time_stretch_short_noise.wav,0.9053434
/home/ntdong/Data/STT_dataset/21.fleurs/vi_vn/audio/train/3867010376758210728.wav,1.3544064
/home/ntdong/Data/STT_dataset/56.augment_13_11_2023/297255_2450_64847b2419e04044b85e2640_short_noise_duyanh_augment.wav,1.0044606
/home/ntdong/Data/STT_dataset/duyanh/naver/20.augment_loud/648ddf104c840261f83e384d.wav,1.2179781
/home/ntdong/Data/STT_dataset/35.augment_08_2023/352_2946519865826925553_mp3_compression.wav,1.4353628
/home/ntdong/Data/STT_dataset/21.fleurs/vi_vn/audio/train/12042492393495426898.wav,1.1008583
/home/ntdong/Data/STT_dataset/35.augment_08_2023/2165_6365545002860882088_time_stretch.wav,0.64480644
/home/ntdong/Data/STT_dataset/duyanh/naver/20.augment_loud/6489c7470007500b079234e8.wav,1.0510674
/home/ntdong/Data/STT_dataset/duyanh/naver/augment_codec_bg/augment_music_smallroom_15_dataset_full_train_1633_codec_gsm.wav,0.54168975
/home/ntdong/Data/STT_dataset/common_voice_12_13/cv-corpus-12.0-2022-12-07/vi/clips/common_voice_vi_28901382.wav,1.2167237
/home/ntdong/Data/STT_dataset/21.fleurs/vi_vn/audio/train/10077008408323120823.wav,1.3298599
/home/ntdong/Data/STT_dataset/duyanh/naver/augment_codec_bg/augment_music_smallroom_15_dataset_full_train_1633_codec_ulaw.wav,0.36533275
/home/ntdong/Data/STT_dataset/56.augment_13_11_2023/2801_7039352401944962377_duyanh_augment.wav,1.409856
/home/ntdong/Data/STT_dataset/duyanh/naver/augment_codec_bg/augment_music_real_rirs_10_dataset_full_train_1463_codec_ulaw.wav,0.31049985
/home/ntdong/Data/STT_dataset/26.augment/augment_music_real_rirs_15_telesale_train_43.wav,0.35573447
/home/ntdong/Data/STT_dataset/52.short_noise/1885_2028155419105549436_short_noise.wav,0.97114027
/home/ntdong/Data/STT_dataset/21.fleurs/vi_vn/audio/test/431401535124439576.wav,1.2146677
/home/ntdong/Data/STT_dataset/56.augment_13_11_2023/131769_30273_FPTOpenSpeechData_Set002_V0.1_003210_new_short_noise_duyanh_augment.wav,0.9925609
/home/ntdong/Data/STT_dataset/35.augment_08_2023/1359_15723557604910929701_hai_compresison_alac.wav,1.4231495
/home/ntdong/Data/STT_dataset/52.short_noise/5294_64889206629cf71c4723af8a_short_noise.wav,1.2079457
/home/ntdong/Data/STT_dataset/21.fleurs/vi_vn/audio/test/3245089434712789982.wav,1.28939
/home/ntdong/Data/STT_dataset/52.short_noise/825_648c9a8ef73a5788447d7aa0_short_noise.wav,1.4290618
/home/ntdong/Data/STT_dataset/56.augment_13_11_2023/147099_12160_1046_17255481140216452943_time_mask_short_noise_duyanh_augment.wav,0.57213646
/home/ntdong/Data/STT_dataset/56.augment_13_11_2023/44209_1424_9078369462283641130_hai_compresison_alac_duyanh_augment.wav,1.043526
/home/ntdong/Data/STT_dataset/56.augment_13_11_2023/1147_648b2d82608325625ce94fb0_duyanh_augment.wav,0.5972939
/home/ntdong/Data/STT_dataset/56.augment_13_11_2023/2135_12627879749161487131_duyanh_augment.wav,0.4751934
/home/ntdong/Data/STT_dataset/56.augment_13_11_2023/141202_5045_648b311c60832565fee95877_short_noise_audioaugmentation.wav,0.8545749
/home/ntdong/Data/STT_dataset/56.augment_13_11_2023/61270_1430_14890637406878895502_time_stretch_audioaugmentation.wav,0.865316
/home/ntdong/Data/STT_dataset/52.short_noise/2945_6485ea568503510fa3e4fd83_short_noise.wav,1.3966516
/home/ntdong/Data/STT_dataset/52.short_noise/32033_2173_7706235671499326256_hai_compresison_aac_short_noise.wav,1.4627585
/home/ntdong/Data/STT_dataset/duyanh/naver/augment_codec_bg/augment_noise_smallroom_15_dataset_full_train_654_codec_vorbis.wav,0.01655372
/home/ntdong/Data/STT_dataset/26.augment/augment_music_real_rirs_10_fpt_train_265.wav,0.64468956
/home/ntdong/Data/STT_dataset/52.short_noise/5045_648b311c60832565fee95877_short_noise.wav,1.0571495
/home/ntdong/Data/STT_dataset/52.short_noise/1495_6485ecdc8503519891e502f6_short_noise.wav,1.1097364
/home/ntdong/Data/STT_dataset/35.augment_08_2023/1051_11593327616425166667_time_mask.wav,1.4483235
/home/ntdong/Data/STT_dataset/26.augment/augment_music_mediumroom_10_mix_train_316.wav,0.58788526
/home/ntdong/Data/STT_dataset/35.augment_08_2023/156_11929091982028278436_time_mask.wav,1.4225726
/home/ntdong/Data/STT_dataset/35.augment_08_2023/2180_773938936745406513_time_stretch.wav,0.82194966
/home/ntdong/Data/STT_dataset/duyanh/naver/augment_codec_bg/augment_music_mediumroom_10_dataset_full_train_1417_codec_ulaw.wav,0.21699677
/home/ntdong/Data/STT_dataset/56.augment_13_11_2023/127515_924_648de3114c8402811d3e41a2_short_noise_duyanh_augment.wav,0.5193335
/home/ntdong/Data/STT_dataset/26.augment/augment_music_mediumroom_15_m4a_train_55.wav,1.2363411
/home/ntdong/Data/STT_dataset/common_voice_12_13/cv-corpus-13.0-2023-03-09/vi/clips/common_voice_vi_32592620.wav,0.28106403
/home/ntdong/Data/STT_dataset/52.short_noise/11039_580_12627879749161487131_time_stretch_short_noise.wav,0.9564821
/home/ntdong/Data/STT_dataset/56.augment_13_11_2023/282800_8483_1359_15723557604910929701_hai_compresison_alac_short_noise_audioaugmentation.wav,1.4952179
/home/ntdong/Data/STT_dataset/56.augment_13_11_2023/351652_958_648f2ce0bd5f010133bbf967_short_noise_audioaugmentation.wav,1.2373322
/home/ntdong/Data/STT_dataset/29.Telesale_02_2023/1669918161.15231658/splits_20230213/1669918161.15231658_25.wav,1.3839335
/home/ntdong/Data/STT_dataset/duyanh/naver/augment_codec_bg/augment_noise_mediumroom_5_dataset_full_train_1824_codec_gsm.wav,0.409619
/home/ntdong/Data/STT_dataset/duyanh/naver/augment_codec_bg/augment_noise_largeroom_5_dataset_full_train_1782_codec_gsm.wav,0.421406
/home/ntdong/Data/STT_dataset/duyanh/naver/augment_codec_bg/augment_music_smallroom_15_dataset_full_train_942_codec_vorbis.wav,0.031810965
/home/ntdong/Data/STT_dataset/21.fleurs/vi_vn/audio/test/6565310023034085855.wav,1.2950056
/home/ntdong/Data/STT_dataset/52.short_noise/11555_common_voice_vi_32592626_short_noise.wav,0.28642133
/home/ntdong/Data/STT_dataset/common_voice_12_13/cv-corpus-13.0-2023-03-09/vi/clips/common_voice_vi_32592628.wav,0.5844562
/home/ntdong/Data/STT_dataset/common_voice_12_13/cv-corpus-12.0-2022-12-07/vi/clips/common_voice_vi_32592620.wav,0.28106403
/home/ntdong/Data/STT_dataset/26.augment/augment_noise_mediumroom_15_vlsp_tts_2021_train_18.wav,0.723206
/home/ntdong/Data/STT_dataset/52.short_noise/2229_17345893298179304247_short_noise.wav,1.3165851
/home/ntdong/Data/STT_dataset/52.short_noise/8313_322_6317417315188521716_mp3_compression_short_noise.wav,1.4697762
/home/ntdong/Data/STT_dataset/56.augment_13_11_2023/1325_4313807579960706715_duyanh_augment.wav,1.0691235
/home/ntdong/Data/STT_dataset/52.short_noise/18387_1447_4386032523232689879_mp3_compression_short_noise.wav,1.2987825
/home/ntdong/Data/STT_dataset/35.augment_08_2023/2630_6199155605829224385_time_stretch.wav,1.4489679
/home/ntdong/Data/STT_dataset/56.augment_13_11_2023/5867_64886b3c629cf7ca322386ef_duyanh_augment.wav,1.4676799
/home/ntdong/Data/STT_dataset/21.fleurs/vi_vn/audio/train/2598879805393150479.wav,1.4891933
/home/ntdong/Data/STT_dataset/common_voice_12_13/cv-corpus-13.0-2023-03-09/vi/clips/common_voice_vi_32592624.wav,0.5531474
/home/ntdong/Data/STT_dataset/56.augment_13_11_2023/64090_augment_music_real_rirs_10_cleaned_cmc_train_12_audioaugmentation.wav,0.41448042
/home/ntdong/Data/STT_dataset/26.augment/augment_music_largeroom_15_vlsp_asr_2021_train_152.wav,0.037169255
/home/ntdong/Data/STT_dataset/duyanh/naver/20.augment_loud/648b23c4608325a871e934ee.wav,1.2136614
/home/ntdong/Data/STT_dataset/52.short_noise/2475_9050652774295693347_short_noise.wav,1.2393576
/home/ntdong/Data/STT_dataset/56.augment_13_11_2023/306103_35385_2015_15604606956394982843_time_stretch_short_noise_duyanh_augment.wav,0.91692495
/home/ntdong/Data/STT_dataset/duyanh/naver/augment_codec_bg/augment_music_smallroom_10_dataset_full_train_986_codec_gsm.wav,0.36349392
/home/ntdong/Data/STT_dataset/duyanh/naver/20.augment_loud/648dc6184c8402d7d23e0bac.wav,1.4139918
/home/ntdong/Data/STT_dataset/common_voice_12_13/cv-corpus-13.0-2023-03-09/vi/clips/common_voice_vi_32592621.wav,0.4111848
/home/ntdong/Data/STT_dataset/52.short_noise/208720_3182_new_bg_noise_denoise_dns48_short_noise.wav,0.15532106
/home/ntdong/Data/STT_dataset/52.short_noise/53165_870_14876522744287322150_time_stretch_short_noise.wav,1.2947961
/home/ntdong/Data/STT_dataset/52.short_noise/59780_2470_16729219172162595837_time_stretch_short_noise.wav,0.9480876
/home/ntdong/Data/STT_dataset/56.augment_13_11_2023/34129_2207_17482880112668228471_mp3_compression_duyanh_augment.wav,1.0963372
/home/ntdong/Data/STT_dataset/duyanh/naver/20.augment_loud/648dc47f4c840273813e08a4.wav,1.3024206
/home/ntdong/Data/STT_dataset/duyanh/naver/augment_codec_bg/augment_music_real_rirs_5_dataset_full_train_280_codec_gsm.wav,1.3358134
/home/ntdong/Data/STT_dataset/52.short_noise/617_648b298e60832567b3e94546_short_noise.wav,1.1391482
/home/ntdong/Data/STT_dataset/duyanh/naver/augment_codec_bg/augment_noise_mediumroom_5_dataset_full_train_1019_codec_gsm.wav,0.4056807
/home/ntdong/Data/STT_dataset/duyanh/naver/augment_codec_bg/augment_music_real_rirs_10_dataset_full_train_1594_codec_gsm.wav,0.35697368
/home/ntdong/Data/STT_dataset/52.short_noise/5541_64872a691ae676ae45b6627f_short_noise.wav,1.2585958
/home/ntdong/Data/STT_dataset/35.augment_08_2023/1116_8871514879437610894_time_mask.wav,1.4428546
/home/ntdong/Data/STT_dataset/10.telesale/audio_telesale/tmduy/1577345079.168846_16k.wav/split_2/split_2_bg_noise_denoise_dns48.wav,0.4199306
/home/ntdong/Data/STT_dataset/52.short_noise/32201_1310_13162150626580556695_time_stretch_short_noise.wav,1.3148046
/home/ntdong/Data/STT_dataset/52.short_noise/8779_525_932178545383787429_time_stretch_short_noise.wav,0.8640158
/home/ntdong/Data/STT_dataset/56.augment_13_11_2023/2781_9786247100438788637_duyanh_augment.wav,1.2877349
/home/ntdong/Data/STT_dataset/duyanh/naver/20.augment_loud/648f0384bd5f015423bbb55a.wav,1.4629222
/home/ntdong/Data/STT_dataset/14.tts_VLSP_2021/3770_new_bg_noise_denoise_dns48.wav,0.62621284
/home/ntdong/Data/STT_dataset/56.augment_13_11_2023/77351_augment_music_mediumroom_5_nghiem_thu_ytb_2022_02_train_125_duyanh_augment.wav,0.85244626
/home/ntdong/Data/STT_dataset/duyanh/naver/augment_codec_bg/augment_noise_mediumroom_5_dataset_full_train_580_codec_gsm.wav,0.43629536
/home/ntdong/Data/STT_dataset/52.short_noise/27189_392_14992120182130342405_mp3_compression_short_noise.wav,1.2434951
/home/ntdong/Data/STT_dataset/duyanh/naver/augment_codec_bg/augment_noise_real_rirs_10_dataset_full_train_949_codec_gsm.wav,0.41109717
/home/ntdong/Data/STT_dataset/duyanh/naver/augment_codec_bg/augment_music_real_rirs_5_dataset_full_train_744_codec_ulaw.wav,0.42528513
/home/ntdong/Data/STT_dataset/21.fleurs/vi_vn/audio/train/17307618365708830570.wav,1.2412623
/home/ntdong/Data/STT_dataset/52.short_noise/1042_6487195e1ae676ac86b645a9_short_noise.wav,1.4626734
/home/ntdong/Data/STT_dataset/52.short_noise/57192_2570_5128117065769114297_time_stretch_short_noise.wav,0.7996758
/home/ntdong/Data/STT_dataset/21.fleurs/vi_vn/audio/test/4119119525381294893.wav,1.321268
/home/ntdong/Data/STT_dataset/52.short_noise/18585_2580_10077008408323120823_time_stretch_short_noise.wav,1.0417914
/home/ntdong/Data/STT_dataset/56.augment_13_11_2023/543_431401535124439576_duyanh_augment.wav,1.2171047
/home/ntdong/Data/STT_dataset/duyanh/naver/augment_codec_bg/augment_music_smallroom_5_dataset_full_train_12_codec_ulaw.wav,0.18691841
/home/ntdong/Data/STT_dataset/duyanh/naver/augment_codec_bg/augment_music_smallroom_5_dataset_full_train_1819_codec_gsm.wav,0.4195792
/home/ntdong/Data/STT_dataset/duyanh/naver/20.augment_loud/6485f9b085035150c4e51047.wav,1.2402015
/home/ntdong/Data/STT_dataset/21.fleurs/vi_vn/audio/train/1840849645694915358.wav,1.3690557
/home/ntdong/Data/STT_dataset/duyanh/naver/augment_codec_bg/augment_music_largeroom_15_dataset_full_train_1000_codec_ulaw.wav,0.63846374
/home/ntdong/Data/STT_dataset/35.augment_08_2023/2358_12042492393495426898_hai_compresison_aac.wav,1.0822031
/home/ntdong/Data/STT_dataset/56.augment_13_11_2023/77645_augment_noise_mediumroom_5_vlsp_asr_2021_train_50_duyanh_augment.wav,0.016807366
/home/ntdong/Data/STT_dataset/56.augment_13_11_2023/242383_2354_648b397a608325d358e96c82_short_noise_duyanh_augment.wav,1.3436526
/home/ntdong/Data/STT_dataset/52.short_noise/4440_2821_6277662445731001268_time_mask_short_noise.wav,1.4907972
/home/ntdong/Data/STT_dataset/52.short_noise/37283_1530_1400109587702781292_time_stretch_short_noise.wav,0.8259267
/home/ntdong/Data/STT_dataset/52.short_noise/2569_common_voice_vi_32592620_short_noise.wav,0.37498245
/home/ntdong/Data/STT_dataset/10.telesale/audio_telesale/ntuy/1581927673.295547_16k.wav/split_3/split_3_bg_noise_denoise_dns48.wav,0.24865016
/home/ntdong/Data/STT_dataset/duyanh/naver/augment_codec_bg/augment_music_real_rirs_5_dataset_full_train_1345_codec_vorbis.wav,0.2336123
/home/ntdong/Data/STT_dataset/52.short_noise/10824_1146_5570124249749688937_time_mask_short_noise.wav,1.3042121
/home/ntdong/Data/STT_dataset/duyanh/naver/augment_codec_bg/augment_music_largeroom_5_dataset_full_train_1141_codec_ulaw.wav,0.059173957
/home/ntdong/Data/STT_dataset/21.fleurs/vi_vn/audio/train/15458908753835008641.wav,1.4961076
/home/ntdong/Data/STT_dataset/duyanh/naver/augment_codec_bg/augment_music_smallroom_10_dataset_full_train_1677_codec_vorbis.wav,0.48059127
/home/ntdong/Data/STT_dataset/52.short_noise/1356_14152936279089830404_short_noise.wav,1.4145924
/home/ntdong/Data/STT_dataset/common_voice_12_13/cv-corpus-13.0-2023-03-09/vi/clips/common_voice_vi_32592626.wav,0.26124436
/home/ntdong/Data/STT_dataset/56.augment_13_11_2023/55876_augment_music_smallroom_10_cleaned_cmc_train_89_audioaugmentation.wav,0.4992786
/home/ntdong/Data/STT_dataset/52.short_noise/7101_2845_11104895586647796526_time_stretch_short_noise.wav,0.9447182
/home/ntdong/Data/STT_dataset/duyanh/naver/augment_codec_bg/augment_music_real_rirs_10_dataset_full_train_1784_codec_vorbis.wav,0.116973095
/home/ntdong/Data/STT_dataset/56.augment_13_11_2023/16486_1203_1361_7688551421985840028_time_mask_short_noise_audioaugmentation.wav,1.4142181
/home/ntdong/Data/STT_dataset/26.augment/augment_music_largeroom_5_vlsp_asr_2021_train_5.wav,0.5307796
/home/ntdong/Data/STT_dataset/35.augment_08_2023/392_14992120182130342405_mp3_compression.wav,1.2173826
/home/ntdong/Data/STT_dataset/21.fleurs/vi_vn/audio/test/4386032523232689879.wav,1.3043975
/home/ntdong/Data/STT_dataset/duyanh/naver/20.augment_loud/64832a5ad9f569060041f4ac.wav,1.4271684
/home/ntdong/Data/STT_dataset/26.augment/augment_music_real_rirs_5_zalo_train_96.wav,0.37836763
/home/ntdong/Data/STT_dataset/52.short_noise/1356_6485f1df8503514719e50afd_short_noise.wav,1.490028
/home/ntdong/Data/STT_dataset/52.short_noise/2288_648722ac1ae676814eb654b5_short_noise.wav,1.4147167
/home/ntdong/Data/STT_dataset/duyanh/naver/augment_codec_bg/augment_music_smallroom_5_dataset_full_train_1664_codec_vorbis.wav,0.009532897
/home/ntdong/Data/STT_dataset/21.fleurs/vi_vn/audio/test/6257983320697401912.wav,1.4091244
/home/ntdong/Data/STT_dataset/52.short_noise/5800_648c8107f73a573c4c7d3aba_short_noise.wav,1.440237
/home/ntdong/Data/STT_dataset/21.fleurs/vi_vn/audio/train/14301927587603944474.wav,1.2611463
/home/ntdong/Data/STT_dataset/common_voice_12_13/cv-corpus-13.0-2023-03-09/vi/clips/common_voice_vi_32592627.wav,0.5971552
/home/ntdong/Data/STT_dataset/52.short_noise/1176_1253_15589888555401605921_hai_compresison_aac_short_noise.wav,1.3996618
/home/ntdong/Data/STT_dataset/35.augment_08_2023/1003_13177088491910410725_hai_compresison_aac.wav,1.2588208
/home/ntdong/Data/STT_dataset/56.augment_13_11_2023/57095_FPTOpenSpeechData_Set002_V0.1_003261_new_duyanh_augment.wav,1.0465719
/home/ntdong/Data/STT_dataset/26.augment/augment_music_mediumroom_5_zalo_train_315.wav,0.05580768
/home/ntdong/Data/STT_dataset/52.short_noise/16916_1003_13177088491910410725_hai_compresison_aac_short_noise.wav,1.3167254
/home/ntdong/Data/STT_dataset/52.short_noise/142_648c850af73a5768f67d48b5_short_noise.wav,1.1584431
/home/ntdong/Data/STT_dataset/56.augment_13_11_2023/713_648dbc414c8402ed5c3dfa18_duyanh_augment.wav,0.64236695
/home/ntdong/Data/STT_dataset/56.augment_13_11_2023/47703_augment_music_largeroom_10_m4a_train_449_duyanh_augment.wav,0.5865876
/home/ntdong/Data/STT_dataset/duyanh/naver/augment_codec_bg/augment_noise_mediumroom_5_dataset_full_train_1071_codec_ulaw.wav,0.19624904
/home/ntdong/Data/STT_dataset/52.short_noise/4479_905_9148335873068512118_time_stretch_short_noise.wav,1.0796773
/home/ntdong/Data/STT_dataset/10.telesale/audio_telesale/nlinh/1575601261.62525_16k.wav/split_2/split_2_bg_noise_denoise_dns48.wav,0.7545851
/home/ntdong/Data/STT_dataset/26.augment/augment_noise_largeroom_5_fpt_train_107.wav,0.01658002
/home/ntdong/Data/STT_dataset/21.fleurs/vi_vn/audio/test/7706235671499326256.wav,1.2485931
/home/ntdong/Data/STT_dataset/56.augment_13_11_2023/554_11931167015684131220_audioaugmentation.wav,1.2107035
/home/ntdong/Data/STT_dataset/52.short_noise/30003_2207_17482880112668228471_mp3_compression_short_noise.wav,1.1352814
/home/ntdong/Data/STT_dataset/56.augment_13_11_2023/169246_47177_5527_26_compose_gain_short_noise_audioaugmentation.wav,1.2212449
/home/ntdong/Data/STT_dataset/15.zalo/program-0017/program-0017-00403_bg_noise_denoise_dns48.wav,0.78033316
/home/ntdong/Data/STT_dataset/56.augment_13_11_2023/301611_50283_65_10506642302805649369_time_stretch_short_noise_duyanh_augment.wav,1.3351506
/home/ntdong/Data/STT_dataset/duyanh/naver/20.augment_loud/6489c4ec000750f38b922fd9.wav,1.333672
/home/ntdong/Data/STT_dataset/duyanh/naver/20.augment_loud/648b334d608325ad58e95d7a.wav,1.1178911
/home/ntdong/Data/STT_dataset/duyanh/naver/augment_codec_bg/augment_music_smallroom_5_dataset_full_train_1819_codec_vorbis.wav,0.004487377
/home/ntdong/Data/STT_dataset/duyanh/naver/augment_codec_bg/augment_music_mediumroom_10_dataset_full_train_335_codec_vorbis.wav,0.11131859
/home/ntdong/Data/STT_dataset/56.augment_13_11_2023/290205_29042_1324_13365413432073204569_hai_compresison_alac_short_noise_duyanh_augment.wav,0.46407706
/home/ntdong/Data/STT_dataset/duyanh/naver/20.augment_loud/64873db41ae676d85db683da.wav,1.3647112
/home/ntdong/Data/STT_dataset/52.short_noise/5785_648c814ef73a57dd527d3bea_short_noise.wav,1.2545185
/home/ntdong/Data/STT_dataset/56.augment_13_11_2023/6863_28724_2180_773938936745406513_time_stretch_short_noise_duyanh_augment.wav,0.9410795
/home/ntdong/Data/STT_dataset/duyanh/naver/augment_codec_bg/augment_noise_mediumroom_5_dataset_full_train_1153_codec_ulaw.wav,0.0072649852
/home/ntdong/Data/STT_dataset/52.short_noise/1878_648db39d4c84023aa13deb83_short_noise.wav,1.3304596
/home/ntdong/Data/STT_dataset/14.tts_VLSP_2021/4690_new_bg_noise_denoise_dns48.wav,0.3119653
/home/ntdong/Data/STT_dataset/common_voice_12_13/cv-corpus-12.0-2022-12-07/vi/clips/common_voice_vi_32592621.wav,0.4111848
/home/ntdong/Data/STT_dataset/52.short_noise/15399_3142_1620981219.189263_16k_2_compose_gain_short_noise.wav,0.61272234
/home/ntdong/Data/STT_dataset/35.augment_08_2023/2505_11804046648381968065_time_stretch.wav,1.2500005
/home/ntdong/Data/STT_dataset/duyanh/naver/augment_codec_bg/augment_noise_mediumroom_5_dataset_full_train_829_codec_gsm.wav,0.3940559
/home/ntdong/Data/STT_dataset/26.augment/augment_music_largeroom_5_vlsp_asr_2021_train_79.wav,0.016459107
/home/ntdong/Data/STT_dataset/35.augment_08_2023/1530_1400109587702781292_time_stretch.wav,0.79500115
/home/ntdong/Data/STT_dataset/56.augment_13_11_2023/195120_4494_648ad812b7c444a632394d3c_short_noise_audioaugmentation.wav,1.0971669
/home/ntdong/Data/STT_dataset/duyanh/naver/20.augment_loud/64871c651ae676cb06b64a3d.wav,0.9938104
/home/ntdong/Data/STT_dataset/56.augment_13_11_2023/45814_408_7060000944422484498_hai_compresison_aac_audioaugmentation.wav,1.3463434
/home/ntdong/Data/STT_dataset/52.short_noise/958_648f2ce0bd5f010133bbf967_short_noise.wav,1.3889997
/home/ntdong/Data/STT_dataset/56.augment_13_11_2023/46039_1544_5354048760867091349_hai_compresison_alac_duyanh_augment.wav,1.4905599
/home/ntdong/Data/STT_dataset/duyanh/naver/20.augment_loud/64847fdc19e040338c5e2bd5.wav,1.1248453
/home/ntdong/Data/STT_dataset/26.augment/augment_music_smallroom_15_youtube_labelled_train_91.wav,0.039909065
/home/ntdong/Data/STT_dataset/56.augment_13_11_2023/186841_2945_6485ea568503510fa3e4fd83_short_noise_duyanh_augment.wav,1.4005758
/home/ntdong/Data/STT_dataset/26.augment/augment_noise_largeroom_5_m4a_train_165.wav,0.017385447
/home/ntdong/Data/STT_dataset/50.duyanh_augment_08_2023/7307_1621997590.233394_16k_3_compose_gain.wav,1.2741263
/home/ntdong/Data/STT_dataset/26.augment/augment_music_mediumroom_5_telesale_train_92.wav,1.43608
/home/ntdong/Data/STT_dataset/26.augment/augment_music_real_rirs_10_zalo_train_3.wav,0.022366537
/home/ntdong/Data/STT_dataset/duyanh/naver/augment_codec_bg/augment_noise_mediumroom_10_dataset_full_train_1673_codec_ulaw.wav,0.006961993
/home/ntdong/Data/STT_dataset/56.augment_13_11_2023/105423_4710_648f0bcebd5f015bafbbbff8_short_noise_duyanh_augment.wav,0.9187836
/home/ntdong/Data/STT_dataset/56.augment_13_11_2023/51605_augment_noise_smallroom_15_m4a_train_357_duyanh_augment.wav,0.038880013
/home/ntdong/Data/STT_dataset/duyanh/naver/augment_codec_bg/augment_noise_largeroom_10_dataset_full_train_1272_codec_gsm.wav,1.4712915
/home/ntdong/Data/STT_dataset/21.fleurs/vi_vn/audio/train/9471562480651576280.wav,1.4766954
/home/ntdong/Data/STT_dataset/56.augment_13_11_2023/6026_6485e3b18503516c98e4f184_audioaugmentation.wav,0.62827957
/home/ntdong/Data/STT_dataset/52.short_noise/404_6489c19d000750ca67922a31_short_noise.wav,1.4361885
/home/ntdong/Data/STT_dataset/52.short_noise/34_648736d51ae676e11db679c3_short_noise.wav,1.4124649
/home/ntdong/Data/STT_dataset/duyanh/naver/augment_codec_bg/augment_music_mediumroom_10_dataset_full_train_1417_codec_vorbis.wav,0.16528241
/home/ntdong/Data/STT_dataset/56.augment_13_11_2023/14597_2300_4260660769385856930_time_stretch_duyanh_augment.wav,0.9862636
/home/ntdong/Data/STT_dataset/56.augment_13_11_2023/223747_5101_648f254bbd5f015be8bbeedf_short_noise_duyanh_augment.wav,0.44957858
/home/ntdong/Data/STT_dataset/duyanh/naver/20.augment_loud/648b1b186083252e04e91ffe.wav,1.0731506
/home/ntdong/Data/STT_dataset/21.fleurs/vi_vn/audio/train/8683687580296971189.wav,1.4832222
/home/ntdong/Data/STT_dataset/26.augment/augment_noise_mediumroom_10_vov_ngoc_anh_train_69.wav,0.48367178
/home/ntdong/Data/STT_dataset/56.augment_13_11_2023/329750_5873_648dda734c84026fad3e2de8_short_noise_audioaugmentation.wav,1.384605
/home/ntdong/Data/STT_dataset/common_voice_12_13/cv-corpus-13.0-2023-03-09/vi/clips/common_voice_vi_28901382.wav,1.2167237
/home/ntdong/Data/STT_dataset/56.augment_13_11_2023/61883_2630_6199155605829224385_time_stretch_duyanh_augment.wav,1.4552656
/home/ntdong/Data/STT_dataset/35.augment_08_2023/1605_1362283021522699634_time_stretch.wav,1.4340403
/home/ntdong/Data/STT_dataset/52.short_noise/15449_1475_5886786562096820074_time_stretch_short_noise.wav,0.9333272
/home/ntdong/Data/STT_dataset/52.short_noise/25224_390_16082956372448341592_time_stretch_short_noise.wav,0.86027265
/home/ntdong/Data/STT_dataset/26.augment/augment_music_smallroom_5_zalo_train_119.wav,0.026316725
/home/ntdong/Data/STT_dataset/10.telesale/audio_telesale/tmduy/1577413439.170120_16k.wav/split_0/split_0_bg_noise_denoise_dns48.wav,0.25789082
/home/ntdong/Data/STT_dataset/35.augment_08_2023/829_12577018946731356415_hai_compresison_alac.wav,1.1680255
/home/ntdong/Data/STT_dataset/duyanh/naver/20.augment_loud/648b2f51608325fcfee9544d.wav,1.4515077
/home/ntdong/Data/STT_dataset/12.cleaned_cmc/temp_98b9255b-0bca-4d98-8578-eceb92f5ee81/audio_16khz.wav,0.6954365
/home/ntdong/Data/STT_dataset/56.augment_13_11_2023/2153_13345481117303198344_duyanh_augment.wav,0.7687213
/home/ntdong/Data/STT_dataset/52.short_noise/2194_648742f61ae6767f10b68b09_short_noise.wav,1.4953636
/home/ntdong/Data/STT_dataset/56.augment_13_11_2023/1334_12193813807844513158_audioaugmentation.wav,1.1879721
/home/ntdong/Data/STT_dataset/52.short_noise/722_648492c519e0408b495e49e9_short_noise.wav,1.4174997
/home/ntdong/Data/STT_dataset/common_voice_12_13/cv-corpus-12.0-2022-12-07/vi/clips/common_voice_vi_24536475.wav,0.26852044
/home/ntdong/Data/STT_dataset/35.augment_08_2023/2796_4856580170092767121_time_mask.wav,0.8083137
/home/ntdong/Data/STT_dataset/56.augment_13_11_2023/4675_6485e0cd85035160e4e4ecba_duyanh_augment.wav,1.4899426
/home/ntdong/Data/STT_dataset/duyanh/naver/augment_codec_bg/augment_music_real_rirs_10_dataset_full_train_206_codec_gsm.wav,0.27020586
/home/ntdong/Data/STT_dataset/56.augment_13_11_2023/1487_64848df219e040d02d5e40ba_duyanh_augment.wav,0.4420018
/home/ntdong/Data/STT_dataset/duyanh/naver/augment_codec_bg/augment_music_real_rirs_15_dataset_full_train_847_codec_ulaw.wav,0.028606195
/home/ntdong/Data/STT_dataset/26.augment/augment_noise_mediumroom_10_m4a_train_293.wav,0.02367033
/home/ntdong/Data/STT_dataset/56.augment_13_11_2023/26311_augment_music_smallroom_10_zalo_train_53_duyanh_augment.wav,1.1994939
/home/ntdong/Data/STT_dataset/35.augment_08_2023/1542_12507542067079611758_mp3_compression.wav,1.4195822
/home/ntdong/Data/STT_dataset/56.augment_13_11_2023/3360_648c7587f73a57b3b57d14c8_audioaugmentation.wav,1.3721884
/home/ntdong/Data/STT_dataset/duyanh/naver/augment_codec_bg/augment_music_smallroom_15_dataset_full_train_97_codec_ulaw.wav,0.040051263
/home/ntdong/Data/STT_dataset/duyanh/naver/20.augment_loud/64872b931ae67678edb664a5.wav,1.4335605
/home/ntdong/Data/STT_dataset/56.augment_13_11_2023/5946_648c7f1af73a57d0807d3337_audioaugmentation.wav,1.4856277
/home/ntdong/Data/STT_dataset/52.short_noise/38845_2407_1144262693552485235_mp3_compression_short_noise.wav,1.1821659
/home/ntdong/Data/STT_dataset/56.augment_13_11_2023/2854_64887542629cf75f90238fcb_audioaugmentation.wav,0.6876913
/home/ntdong/Data/STT_dataset/duyanh/naver/augment_codec_bg/augment_noise_mediumroom_5_dataset_full_train_1545_codec_ulaw.wav,1.322936
/home/ntdong/Data/STT_dataset/35.augment_08_2023/2184_15410247300909145626_hai_compresison_alac.wav,1.3949771
/home/ntdong/Data/STT_dataset/52.short_noise/34821_2505_11804046648381968065_time_stretch_short_noise.wav,1.2845825
/home/ntdong/Data/STT_dataset/duyanh/naver/augment_codec_bg/augment_music_smallroom_5_dataset_full_train_478_codec_gsm.wav,0.7082456
/home/ntdong/Data/STT_dataset/duyanh/naver/augment_codec_bg/augment_noise_smallroom_15_dataset_full_train_1072_codec_ulaw.wav,0.02009531
/home/ntdong/Data/STT_dataset/52.short_noise/47177_5527_26_compose_gain_short_noise.wav,1.3892862
/home/ntdong/Data/STT_dataset/duyanh/naver/augment_codec_bg/augment_music_real_rirs_10_dataset_full_train_422_codec_ulaw.wav,0.0037463943
/home/ntdong/Data/STT_dataset/56.augment_13_11_2023/32406_34383_1859_9450796262462227747_hai_compresison_alac_short_noise_audioaugmentation.wav,1.3397821
/home/ntdong/Data/STT_dataset/52.short_noise/24956_2044_1399949835623403623_hai_compresison_alac_short_noise.wav,1.0006151
/home/ntdong/Data/STT_dataset/26.augment/augment_noise_real_rirs_10_fpt_train_301.wav,0.44145453
/home/ntdong/Data/STT_dataset/duyanh/naver/augment_codec_bg/augment_music_real_rirs_15_dataset_full_train_1598_codec_gsm.wav,1.0194879
/home/ntdong/Data/STT_dataset/26.augment/augment_music_largeroom_5_zalo_train_355.wav,0.017027566
/home/ntdong/Data/STT_dataset/56.augment_13_11_2023/11135_690_4451333136469093497_time_stretch_duyanh_augment.wav,1.2560222
/home/ntdong/Data/STT_dataset/56.augment_13_11_2023/3939_2614_360144692973256307_hai_compresison_alac_duyanh_augment.wav,0.46705496
/home/ntdong/Data/STT_dataset/52.short_noise/1653_648b21456083250907e92e1b_short_noise.wav,1.4556653
/home/ntdong/Data/STT_dataset/52.short_noise/30889_2338_492198369644305970_hai_compresison_aac_short_noise.wav,1.4746933
/home/ntdong/Data/STT_dataset/52.short_noise/3248_2170_6565310023034085855_time_stretch_short_noise.wav,0.8968375
/home/ntdong/Data/STT_dataset/duyanh/naver/augment_codec_bg/augment_music_smallroom_10_dataset_full_train_860_codec_vorbis.wav,0.18536766
/home/ntdong/Data/STT_dataset/56.augment_13_11_2023/49771_1447_4386032523232689879_mp3_compression_duyanh_augment.wav,0.37008554
/home/ntdong/Data/STT_dataset/21.fleurs/vi_vn/audio/train/17943416606930054380.wav,0.8223974
/home/ntdong/Data/STT_dataset/52.short_noise/3178_648475ce19e0409aab5e217c_short_noise.wav,1.1636405
/home/ntdong/Data/STT_dataset/35.augment_08_2023/935_17197537038298792836_time_stretch.wav,1.0809246
/home/ntdong/Data/STT_dataset/26.augment/augment_noise_smallroom_15_fpt_train_289.wav,0.9373669
/home/ntdong/Data/STT_dataset/26.augment/augment_music_mediumroom_10_mix_train_19.wav,0.908516
/home/ntdong/Data/STT_dataset/56.augment_13_11_2023/276093_5236_648dbad74c840200ed3df74a_short_noise_duyanh_augment.wav,0.5577839
/home/ntdong/Data/STT_dataset/common_voice_12_13/cv-corpus-13.0-2023-03-09/vi/clips/common_voice_vi_32592622.wav,0.40220594
/home/ntdong/Data/STT_dataset/56.augment_13_11_2023/225533_55231_2605_6451944873840601928_time_stretch_short_noise_duyanh_augment.wav,0.69329333
/home/ntdong/Data/STT_dataset/10.telesale/audio_telesale/tmduy/1577525120.173447_16k.wav/split_3/split_3_bg_noise_denoise_dns48.wav,0.66668844
/home/ntdong/Data/STT_dataset/duyanh/naver/augment_codec_bg/augment_noise_mediumroom_15_dataset_full_train_1350_codec_vorbis.wav,0.7052133
/home/ntdong/Data/STT_dataset/13.VLSP-ASR-2021/labeled_trainingset/wav/375-00291614-00291835.wav,0.72125876
/home/ntdong/Data/STT_dataset/26.augment/augment_music_largeroom_10_vlsp_asr_2021_train_86.wav,0.022632806
/home/ntdong/Data/STT_dataset/56.augment_13_11_2023/287910_527_766_12082001259535908107_time_mask_short_noise_audioaugmentation.wav,1.0368202
/home/ntdong/Data/STT_dataset/56.augment_13_11_2023/341_3642817470231242806_duyanh_augment.wav,1.4534599
/home/ntdong/Data/STT_dataset/56.augment_13_11_2023/163117_5109_2867_6222676332121779038_mp3_compression_short_noise_duyanh_augment.wav,1.4543047
/home/ntdong/Data/STT_dataset/duyanh/naver/augment_codec_bg/augment_noise_largeroom_5_dataset_full_train_1501_codec_gsm.wav,0.40854657
/home/ntdong/Data/STT_dataset/52.short_noise/17361_2770_12615884008677757648_time_stretch_short_noise.wav,1.4147439
/home/ntdong/Data/STT_dataset/56.augment_13_11_2023/350668_5063_648de7864c8402068b3e4c3a_short_noise_audioaugmentation.wav,1.3731897
/home/ntdong/Data/STT_dataset/56.augment_13_11_2023/11876_augment_music_largeroom_5_cleaned_cmc_train_414_audioaugmentation.wav,0.84873766
/home/ntdong/Data/STT_dataset/duyanh/naver/augment_codec_bg/augment_music_largeroom_5_dataset_full_train_925_codec_vorbis.wav,0.002239366
/home/ntdong/Data/STT_dataset/52.short_noise/24568_2565_6918974005306121387_time_stretch_short_noise.wav,1.4153969
/home/ntdong/Data/STT_dataset/56.augment_13_11_2023/116611_2581_64b401e0d6657ac69b8ce153_short_noise_duyanh_augment.wav,0.59984684
/home/ntdong/Data/STT_dataset/56.augment_13_11_2023/355445_16037_FPTOpenSpeechData_Set002_V0.1_003240_new_m4a_converted_short_noise_duyanh_augment.wav,1.4741943
/home/ntdong/Data/STT_dataset/56.augment_13_11_2023/777_2028155419105549436_duyanh_augment.wav,0.94656754
/home/ntdong/Data/STT_dataset/26.augment/augment_music_largeroom_10_fpt_train_270.wav,0.2649458
/home/ntdong/Data/STT_dataset/26.augment/augment_noise_mediumroom_10_youtube_labelled_train_20.wav,1.0336454
/home/ntdong/Data/STT_dataset/7.asr_vinno/database_sa2_Feb29_Mar06_Mar17_toApril06_cleaned_utt_0000082335-1_new_bg_noise_denoise_dns48.wav,0.14109564
/home/ntdong/Data/STT_dataset/21.fleurs/vi_vn/audio/train/10499764420637888823.wav,1.4234622
/home/ntdong/Data/STT_dataset/21.fleurs/vi_vn/audio/train/5989550341053620795.wav,1.2572594
/home/ntdong/Data/STT_dataset/10.telesale/audio_telesale/tmduy/1577936564.180752_16k.wav/split_2/split_2_bg_noise_denoise_dns48.wav,0.15349552
/home/ntdong/Data/STT_dataset/duyanh/naver/augment_codec_bg/augment_music_largeroom_5_dataset_full_train_1274_codec_gsm.wav,0.296239
/home/ntdong/Data/STT_dataset/56.augment_13_11_2023/1118_3977263042048571115_audioaugmentation.wav,1.04597
/home/ntdong/Data/STT_dataset/26.augment/augment_music_real_rirs_15_vov_ngoc_anh_train_78.wav,0.029788228
/home/ntdong/Data/STT_dataset/10.telesale/audio_telesale/ntuy/1578558158.233909_16k.wav/split_2/split_2_bg_noise_denoise_dns48.wav,0.48985308
/home/ntdong/Data/STT_dataset/56.augment_13_11_2023/191514_14859_486_3977263042048571115_time_mask_short_noise_audioaugmentation.wav,0.8760214
/home/ntdong/Data/STT_dataset/56.augment_13_11_2023/255333_35589_1646_3867010376758210728_time_mask_short_noise_duyanh_augment.wav,1.1212438
/home/ntdong/Data/STT_dataset/56.augment_13_11_2023/44700_1076_9786247100438788637_time_mask_audioaugmentation.wav,0.93606126
/home/ntdong/Data/STT_dataset/52.short_noise/20068_1650_5188748520660316499_time_stretch_short_noise.wav,1.1877862
/home/ntdong/Data/STT_dataset/35.augment_08_2023/2036_9131925913865737515_time_mask.wav,1.1830893
/home/ntdong/Data/STT_dataset/duyanh/naver/augment_codec_bg/augment_music_smallroom_15_dataset_full_train_795_codec_gsm.wav,0.2897611
/home/ntdong/Data/STT_dataset/52.short_noise/2147_6485e32d85035128fde4f04b_short_noise.wav,1.0235546
/home/ntdong/Data/STT_dataset/56.augment_13_11_2023/113650_55009_2358_12042492393495426898_hai_compresison_aac_short_noise_audioaugmentation.wav,1.2936982
/home/ntdong/Data/STT_dataset/duyanh/naver/augment_codec_bg/augment_music_real_rirs_10_dataset_full_train_1069_codec_vorbis.wav,1.2466233
/home/ntdong/Data/STT_dataset/52.short_noise/20630_1400_4381248817926710292_time_stretch_short_noise.wav,1.1685408
/home/ntdong/Data/STT_dataset/56.augment_13_11_2023/15725_2212_9798920807130988229_mp3_compression_duyanh_augment.wav,1.3340768
/home/ntdong/Data/STT_dataset/52.short_noise/3532_648b3032608325be6fe95618_short_noise.wav,1.0595753
/home/ntdong/Data/STT_dataset/56.augment_13_11_2023/3092_648b1899608325343ae91b43_audioaugmentation.wav,0.96412706
/home/ntdong/Data/STT_dataset/52.short_noise/5484_64b3f67cd6657a7e108cdce8_short_noise.wav,1.4453613
/home/ntdong/Data/STT_dataset/duyanh/naver/augment_codec_bg/augment_music_largeroom_10_dataset_full_train_444_codec_gsm.wav,0.36867055
/home/ntdong/Data/STT_dataset/52.short_noise/6039_648c9252f73a5723a87d7246_short_noise.wav,1.1483791
/home/ntdong/Data/STT_dataset/duyanh/naver/20.augment_loud/648ddd5b4c840284b43e3487.wav,1.2926755
/home/ntdong/Data/STT_dataset/duyanh/naver/augment_codec_bg/augment_music_mediumroom_5_dataset_full_train_223_codec_ulaw.wav,0.8740445
/home/ntdong/Data/STT_dataset/56.augment_13_11_2023/200271_26954_356_1418314103348848583_time_mask_short_noise_duyanh_augment.wav,1.0574106
/home/ntdong/Data/STT_dataset/common_voice_12_13/cv-corpus-13.0-2023-03-09/vi/clips/common_voice_vi_32592623.wav,0.5168979
/home/ntdong/Data/STT_dataset/21.fleurs/vi_vn/audio/train/2028155419105549436.wav,0.94301707
/home/ntdong/Data/STT_dataset/56.augment_13_11_2023/2972_6484709319e0400a5e5e1b8c_audioaugmentation.wav,1.2842904
/home/ntdong/Data/STT_dataset/52.short_noise/3316_648c88cef73a5706407d5899_short_noise.wav,1.3442769
/home/ntdong/Data/STT_dataset/56.augment_13_11_2023/70099_augment_music_mediumroom_10_zalo_train_16_duyanh_augment.wav,1.4276322
/home/ntdong/Data/STT_dataset/56.augment_13_11_2023/59752_4071_648c86a1f73a57618a7d4e99_short_noise_audioaugmentation.wav,1.4576646
/home/ntdong/Data/STT_dataset/10.telesale/audio_telesale/nlinh/1575018345.26480_16k.wav/split_2/split_2_bg_noise_denoise_dns48.wav,0.42631632
/home/ntdong/Data/STT_dataset/52.short_noise/1480_648dd6744c84029b103e264e_short_noise.wav,1.2359496
/home/ntdong/Data/STT_dataset/35.augment_08_2023/2674_9471562480651576280_hai_compresison_alac.wav,1.4769877
/home/ntdong/Data/STT_dataset/35.augment_08_2023/2015_15604606956394982843_time_stretch.wav,0.87251043
/home/ntdong/Data/STT_dataset/56.augment_13_11_2023/350097_20630_1400_4381248817926710292_time_stretch_short_noise_duyanh_augment.wav,1.1761738
/home/ntdong/Data/STT_dataset/52.short_noise/1527_17943416606930054380_short_noise.wav,0.84740514
/home/ntdong/Data/STT_dataset/56.augment_13_11_2023/993_64889206629cf71c4723af8a_duyanh_augment.wav,0.35873082
/home/ntdong/Data/STT_dataset/52.short_noise/5150_6483554fd9f569d635420e40_short_noise.wav,1.1528305
/home/ntdong/Data/STT_dataset/52.short_noise/25279_2377_13096151604584801483_mp3_compression_short_noise.wav,1.1913303
/home/ntdong/Data/STT_dataset/56.augment_13_11_2023/10724_augment_noise_mediumroom_5_zalo_train_154_audioaugmentation.wav,0.108042985
/home/ntdong/Data/STT_dataset/26.augment/augment_music_largeroom_15_mix_train_268.wav,0.038815577
/home/ntdong/Data/STT_dataset/35.augment_08_2023/2768_16233217907251651583_hai_compresison_aac.wav,1.4963882
/home/ntdong/Data/STT_dataset/26.augment/augment_noise_largeroom_5_zalo_train_156.wav,1.1704773
/home/ntdong/Data/STT_dataset/52.short_noise/1919_64887014629cf72f95238b07_short_noise.wav,1.3451147
/home/ntdong/Data/STT_dataset/52.short_noise/2976_6485cded8503519d94e4d0d6_short_noise.wav,1.0507183
/home/ntdong/Data/STT_dataset/duyanh/naver/augment_codec_bg/augment_noise_real_rirs_15_dataset_full_train_1829_codec_vorbis.wav,0.009795969
/home/ntdong/Data/STT_dataset/duyanh/naver/augment_codec_bg/augment_music_real_rirs_10_dataset_full_train_206_codec_ulaw.wav,0.13382465
/home/ntdong/Data/STT_dataset/56.augment_13_11_2023/129373_15449_1475_5886786562096820074_time_stretch_short_noise_duyanh_augment.wav,0.93220425
/home/ntdong/Data/STT_dataset/21.fleurs/vi_vn/audio/train/9652404536445760873.wav,1.165377
/home/ntdong/Data/STT_dataset/duyanh/naver/20.augment_loud/64871ac21ae676877ab6475e.wav,1.2380414
/home/ntdong/Data/STT_dataset/duyanh/naver/augment_codec_bg/augment_music_real_rirs_15_dataset_full_train_453_codec_gsm.wav,0.31241423
/home/ntdong/Data/STT_dataset/duyanh/naver/augment_codec_bg/augment_music_smallroom_5_dataset_full_train_996_codec_ulaw.wav,1.308465
/home/ntdong/Data/STT_dataset/21.fleurs/vi_vn/audio/train/4976456943347492485.wav,1.4748026
/home/ntdong/Data/STT_dataset/35.augment_08_2023/950_7857734854219286217_time_stretch.wav,1.3729151
/home/ntdong/Data/STT_dataset/duyanh/naver/20.augment_loud/64902a24ad54387b565f0ba5.wav,1.1925155
/home/ntdong/Data/STT_dataset/duyanh/naver/augment_codec_bg/augment_noise_smallroom_10_dataset_full_train_268_codec_ulaw.wav,0.01038867
/home/ntdong/Data/STT_dataset/52.short_noise/16482_2271_16548532326370570706_time_mask_short_noise.wav,1.4069523
/home/ntdong/Data/STT_dataset/35.augment_08_2023/395_7310333097299555963_time_stretch.wav,1.216713
/home/ntdong/Data/STT_dataset/56.augment_13_11_2023/34157_1580_9543865539615613615_time_stretch_duyanh_augment.wav,0.85078794
/home/ntdong/Data/STT_dataset/35.augment_08_2023/1138_7516050576665996426_hai_compresison_aac.wav,1.4896699
/home/ntdong/Data/STT_dataset/52.short_noise/20334_2140_1412261265106632938_time_stretch_short_noise.wav,1.1792796
/home/ntdong/Data/STT_dataset/56.augment_13_11_2023/1918_15410247300909145626_audioaugmentation.wav,1.2580636
/home/ntdong/Data/STT_dataset/10.telesale/audio_telesale/ntuy/1578451403.223508_16k.wav/split_0/split_0_bg_noise_denoise_dns48.wav,0.12415497
/home/ntdong/Data/STT_dataset/26.augment/augment_noise_smallroom_10_mix_train_385.wav,0.5849823
/home/ntdong/Data/STT_dataset/duyanh/naver/20.augment_loud/64874b261ae67682f4b69574.wav,1.3654517
/home/ntdong/Data/STT_dataset/13.VLSP-ASR-2021/labeled_trainingset/wav/375-00257298-00257603.wav,0.70430905
/home/ntdong/Data/STT_dataset/duyanh/naver/augment_codec_bg/augment_music_largeroom_10_dataset_full_train_195_codec_ulaw.wav,0.06204387
/home/ntdong/Data/STT_dataset/duyanh/naver/20.augment_loud/6485cf08850351756ee4d257.wav,1.0999334
/home/ntdong/Data/STT_dataset/56.augment_13_11_2023/335206_5319_2444_12013948925764266263_hai_compresison_alac_short_noise_audioaugmentation.wav,1.4055178
/home/ntdong/Data/STT_dataset/common_voice_12_13/cv-corpus-12.0-2022-12-07/vi/clips/common_voice_vi_28434655.wav,1.2958133
/home/ntdong/Data/STT_dataset/56.augment_13_11_2023/34831_2102_323879674661565633_mp3_compression_duyanh_augment.wav,1.4200943
/home/ntdong/Data/STT_dataset/52.short_noise/2524_6489c7470007500b079234e8_short_noise.wav,1.1146698
/home/ntdong/Data/STT_dataset/21.fleurs/vi_vn/audio/train/13162150626580556695.wav,1.4963192
/home/ntdong/Data/STT_dataset/duyanh/naver/20.augment_loud/6484a63319e040ebf35e5c6b.wav,1.2463722
/home/ntdong/Data/STT_dataset/52.short_noise/5709_648f0cd9bd5f01bab3bbc163_short_noise.wav,1.3441725
/home/ntdong/Data/STT_dataset/duyanh/naver/augment_codec_bg/augment_music_mediumroom_15_dataset_full_train_94_codec_gsm.wav,0.9284577
/home/ntdong/Data/STT_dataset/56.augment_13_11_2023/98985_43695_1550_6693438539088647140_time_stretch_short_noise_duyanh_augment.wav,0.31231746
/home/ntdong/Data/STT_dataset/56.augment_13_11_2023/152479_1004_648dd0b04c84026e703e1b58_short_noise_duyanh_augment.wav,0.9086135
/home/ntdong/Data/STT_dataset/duyanh/naver/20.augment_loud/648b311c60832565fee95877.wav,1.0170254
/home/ntdong/Data/STT_dataset/21.fleurs/vi_vn/audio/train/15692444002098675288.wav,1.226155
/home/ntdong/Data/STT_dataset/26.augment/augment_music_mediumroom_5_youtube_12_2022_train_141.wav,0.5822832
/home/ntdong/Data/STT_dataset/52.short_noise/2354_648b397a608325d358e96c82_short_noise.wav,1.3333808
/home/ntdong/Data/STT_dataset/56.augment_13_11_2023/47_17577505169674406103_duyanh_augment.wav,1.331517
/home/ntdong/Data/STT_dataset/56.augment_13_11_2023/14111_39201_7_2313639936953558785_mp3_compression_short_noise_duyanh_augment.wav,1.4537007
/home/ntdong/Data/STT_dataset/35.augment_08_2023/1095_10828838602453417649_time_stretch.wav,1.4742485
/home/ntdong/Data/STT_dataset/26.augment/augment_noise_largeroom_15_youtube_labelled_train_47.wav,0.042937674
/home/ntdong/Data/STT_dataset/26.augment/augment_music_real_rirs_15_vlsp_asr_2021_train_25.wav,1.1559567
/home/ntdong/Data/STT_dataset/duyanh/naver/augment_codec_bg/augment_music_largeroom_10_dataset_full_train_847_codec_gsm.wav,0.46771175
/home/ntdong/Data/STT_dataset/26.augment/augment_noise_mediumroom_15_zalo_train_404.wav,0.068067186
/home/ntdong/Data/STT_dataset/duyanh/naver/augment_codec_bg/augment_music_real_rirs_5_dataset_full_train_1412_codec_vorbis.wav,1.2021877
/home/ntdong/Data/STT_dataset/duyanh/naver/augment_codec_bg/augment_noise_mediumroom_15_dataset_full_train_1350_codec_gsm.wav,0.97741586
/home/ntdong/Data/STT_dataset/56.augment_13_11_2023/18937_common_voice_vi_32592622_duyanh_augment.wav,0.13079654
/home/ntdong/Data/STT_dataset/56.augment_13_11_2023/363156_35096_419_3203577610450573123_hai_compresison_alac_short_noise_audioaugmentation.wav,1.3326082
/home/ntdong/Data/STT_dataset/52.short_noise/1660_6489c93600075075b2923987_short_noise.wav,1.2224782
/home/ntdong/Data/STT_dataset/56.augment_13_11_2023/2021_5306203097775605043_duyanh_augment.wav,0.4590963
/home/ntdong/Data/STT_dataset/duyanh/naver/augment_codec_bg/augment_music_real_rirs_15_dataset_full_train_1741_codec_ulaw.wav,0.5912621
/home/ntdong/Data/STT_dataset/56.augment_13_11_2023/309127_843_6489cae100075034df923d9f_short_noise_duyanh_augment.wav,1.1334184
/home/ntdong/Data/STT_dataset/56.augment_13_11_2023/81756_18015_2102_323879674661565633_mp3_compression_short_noise_audioaugmentation.wav,1.3502738
/home/ntdong/Data/STT_dataset/35.augment_08_2023/2216_14994378125786078667_time_mask.wav,1.1686654
/home/ntdong/Data/STT_dataset/56.augment_13_11_2023/17459_augment_noise_largeroom_5_telesale_train_107_duyanh_augment.wav,0.37401855
/home/ntdong/Data/STT_dataset/56.augment_13_11_2023/12797_1204_17737379617147374137_hai_compresison_alac_duyanh_augment.wav,1.4747453
/home/ntdong/Data/STT_dataset/duyanh/naver/augment_codec_bg/augment_music_smallroom_10_dataset_full_train_655_codec_vorbis.wav,0.00696594
/home/ntdong/Data/STT_dataset/56.augment_13_11_2023/60943_1878_3642817470231242806_hai_compresison_aac_duyanh_augment.wav,1.4518605
/home/ntdong/Data/STT_dataset/duyanh/naver/augment_codec_bg/augment_music_largeroom_15_dataset_full_train_1155_codec_gsm.wav,0.3288481
/home/ntdong/Data/STT_dataset/56.augment_13_11_2023/4865_6485dc22850351859ae4e5d8_duyanh_augment.wav,0.57626677
/home/ntdong/Data/STT_dataset/56.augment_13_11_2023/337_13017297814584303276_duyanh_augment.wav,1.2529143
/home/ntdong/Data/STT_dataset/duyanh/naver/20.augment_loud/64848ba519e04094315e3d41.wav,1.3075403
/home/ntdong/Data/STT_dataset/52.short_noise/40414_1547_5306203097775605043_mp3_compression_short_noise.wav,1.4005119
/home/ntdong/Data/STT_dataset/56.augment_13_11_2023/45725_1892_7039352401944962377_mp3_compression_duyanh_augment.wav,1.3425906
/home/ntdong/Data/STT_dataset/duyanh/naver/augment_codec_bg/augment_music_largeroom_10_dataset_full_train_559_codec_gsm.wav,0.34767044
/home/ntdong/Data/STT_dataset/duyanh/naver/20.augment_loud/64872bce1ae67690d4b66547.wav,1.2282128
/home/ntdong/Data/STT_dataset/26.augment/augment_noise_real_rirs_15_mix_train_343.wav,0.521962
/home/ntdong/Data/STT_dataset/56.augment_13_11_2023/50606_2338_492198369644305970_hai_compresison_aac_audioaugmentation.wav,1.2968599
/home/ntdong/Data/STT_dataset/56.augment_13_11_2023/23878_1868_16106965810507680989_hai_compresison_aac_audioaugmentation.wav,1.3786148
/home/ntdong/Data/STT_dataset/duyanh/naver/augment_codec_bg/augment_music_smallroom_5_dataset_full_train_478_codec_ulaw.wav,0.5141257
/home/ntdong/Data/STT_dataset/duyanh/naver/20.augment_loud/6485ca58850351219be4cbf2.wav,0.9855239
/home/ntdong/Data/STT_dataset/duyanh/naver/augment_codec_bg/augment_noise_real_rirs_15_dataset_full_train_1370_codec_ulaw.wav,0.01678991
/home/ntdong/Data/STT_dataset/56.augment_13_11_2023/613_874113589141411447_duyanh_augment.wav,1.302633
/home/ntdong/Data/STT_dataset/56.augment_13_11_2023/70257_augment_music_smallroom_5_cleaned_cmc_train_274_duyanh_augment.wav,1.3165623
/home/ntdong/Data/STT_dataset/26.augment/augment_noise_mediumroom_15_zalo_train_20.wav,1.132119
/home/ntdong/Data/STT_dataset/35.augment_08_2023/1253_15589888555401605921_hai_compresison_aac.wav,1.316509
/home/ntdong/Data/STT_dataset/52.short_noise/2959_648b2882608325335be942ca_short_noise.wav,1.4121091
/home/ntdong/Data/STT_dataset/common_voice_12_13/cv-corpus-13.0-2023-03-09/vi/clips/common_voice_vi_24536475.wav,0.26852044
/home/ntdong/Data/STT_dataset/duyanh/naver/augment_codec_bg/augment_music_largeroom_10_dataset_full_train_562_codec_ulaw.wav,0.0030137498
/home/ntdong/Data/STT_dataset/common_voice_12_13/cv-corpus-13.0-2023-03-09/vi/clips/common_voice_vi_32592625.wav,0.5312792
/home/ntdong/Data/STT_dataset/26.augment/augment_noise_real_rirs_15_nghiem_thu_ytb_2022_02_train_24.wav,0.208553
/home/ntdong/Data/STT_dataset/10.telesale/audio_telesale/ntuy/1578556588.233011_16k.wav/split_7/split_7_bg_noise_denoise_dns48.wav,0.41885167
/home/ntdong/Data/STT_dataset/56.augment_13_11_2023/2157_13365413432073204569_duyanh_augment.wav,1.2440698
/home/ntdong/Data/STT_dataset/10.telesale/audio_telesale/tmduy/1577070408.159724_16k.wav/split_2/split_2_bg_noise_denoise_dns48.wav,0.06969586
/home/ntdong/Data/STT_dataset/26.augment/augment_music_smallroom_5_zalo_train_298.wav,0.13543905
/home/ntdong/Data/STT_dataset/21.fleurs/vi_vn/audio/train/17595091747667094340.wav,1.3475279
/home/ntdong/Data/STT_dataset/21.fleurs/vi_vn/audio/train/14152936279089830404.wav,1.2532009
/home/ntdong/Data/STT_dataset/50.duyanh_augment_08_2023/21402_1593414335.221368_16k_4_compose_gain.wav,1.0720516
/home/ntdong/Data/STT_dataset/56.augment_13_11_2023/2825_338851110245745911_duyanh_augment.wav,1.36117
/home/ntdong/Data/STT_dataset/21.fleurs/vi_vn/audio/train/773938936745406513.wav,1.3920041
/home/ntdong/Data/STT_dataset/56.augment_13_11_2023/63783_2278_17181345397256693767_hai_compresison_aac_duyanh_augment.wav,0.5371978
/home/ntdong/Data/STT_dataset/52.short_noise/5112_648489b319e04068f65e39e4_short_noise.wav,1.2696644
/home/ntdong/Data/STT_dataset/52.short_noise/5546_648b1936608325e21de91c5e_short_noise.wav,1.0414456
/home/ntdong/Data/STT_dataset/10.telesale/audio_telesale/ntuy/1578540285.231457_16k.wav/split_1/split_1_bg_noise_denoise_dns48.wav,0.20734008
/home/ntdong/Data/STT_dataset/21.fleurs/vi_vn/audio/test/10945777525729584175.wav,1.4046727
/home/ntdong/Data/STT_dataset/common_voice_12_13/cv-corpus-12.0-2022-12-07/vi/clips/common_voice_vi_32592628.wav,0.5844562
/home/ntdong/Data/STT_dataset/52.short_noise/35223_85_1840849645694915358_time_stretch_short_noise.wav,1.4276795
/home/ntdong/Data/STT_dataset/duyanh/naver/20.augment_loud/64887469629cf74c99238f06.wav,1.3571683
/home/ntdong/Data/STT_dataset/52.short_noise/36168_1648_17307618365708830570_hai_compresison_aac_short_noise.wav,1.3667692
/home/ntdong/Data/STT_dataset/duyanh/naver/augment_codec_bg/augment_music_real_rirs_5_dataset_full_train_1176_codec_gsm.wav,1.3049884
/home/ntdong/Data/STT_dataset/duyanh/naver/augment_codec_bg/augment_noise_real_rirs_5_dataset_full_train_1260_codec_gsm.wav,1.4816698
/home/ntdong/Data/STT_dataset/52.short_noise/1466_64888bfd629cf717f823ab40_short_noise.wav,0.89704704
/home/ntdong/Data/STT_dataset/duyanh/naver/20.augment_loud/648de4d24c840233733e466f.wav,1.0595005
/home/ntdong/Data/STT_dataset/duyanh/naver/20.augment_loud/64886b3c629cf7ca322386ef.wav,1.4403785
/home/ntdong/Data/STT_dataset/21.fleurs/vi_vn/audio/test/8340383448516013638.wav,1.2689333
/home/ntdong/Data/STT_dataset/10.telesale/audio_telesale/ntuy/1581411969.272731_16k.wav/split_4/split_4_bg_noise_denoise_dns48.wav,0.60275006
/home/ntdong/Data/STT_dataset/52.short_noise/1790_648f2c68bd5f0135b3bbf8cf_short_noise.wav,1.2279799
/home/ntdong/Data/STT_dataset/26.augment/augment_music_mediumroom_5_zalo_train_367.wav,1.0239059
/home/ntdong/Data/STT_dataset/21.fleurs/vi_vn/audio/train/12914945894708206559.wav,1.3004402
/home/ntdong/Data/STT_dataset/duyanh/naver/augment_codec_bg/augment_music_mediumroom_5_dataset_full_train_355_codec_ulaw.wav,0.2769301
/home/ntdong/Data/STT_dataset/56.augment_13_11_2023/2610_7457323887295319115_audioaugmentation.wav,1.3822773
/home/ntdong/Data/STT_dataset/56.augment_13_11_2023/55755_2828_16882245541401762823_hai_compresison_aac_duyanh_augment.wav,0.6038187
/home/ntdong/Data/STT_dataset/56.augment_13_11_2023/23663_augment_music_mediumroom_10_nghiem_thu_ytb_2022_02_train_136_duyanh_augment.wav,1.4784359
/home/ntdong/Data/STT_dataset/52.short_noise/27203_165_18012980085446225621_time_stretch_short_noise.wav,1.2234689
/home/ntdong/Data/STT_dataset/duyanh/naver/augment_codec_bg/augment_noise_mediumroom_5_dataset_full_train_573_codec_vorbis.wav,0.78241646
/home/ntdong/Data/STT_dataset/26.augment/augment_music_smallroom_10_vlsp_asr_2021_train_100.wav,1.0693514
/home/ntdong/Data/STT_dataset/56.augment_13_11_2023/1069_16063384082369300027_duyanh_augment.wav,1.0284888
/home/ntdong/Data/STT_dataset/duyanh/naver/augment_codec_bg/augment_noise_smallroom_15_dataset_full_train_7_codec_gsm.wav,0.34467617
/home/ntdong/Data/STT_dataset/52.short_noise/11098_690_4451333136469093497_time_stretch_short_noise.wav,1.3067747
/home/ntdong/Data/STT_dataset/duyanh/naver/augment_codec_bg/augment_music_mediumroom_15_dataset_full_train_1540_codec_vorbis.wav,0.02641737
/home/ntdong/Data/STT_dataset/56.augment_13_11_2023/348451_59242_751_17430453993808621988_time_mask_short_noise_duyanh_augment.wav,1.2937781
/home/ntdong/Data/STT_dataset/duyanh/naver/20.augment_loud/648716c11ae6764db9b64247.wav,1.430548
/home/ntdong/Data/STT_dataset/56.augment_13_11_2023/79875_56835_2331_11789068583247734911_time_mask_short_noise_duyanh_augment.wav,0.4240357
/home/ntdong/Data/STT_dataset/56.augment_13_11_2023/1460_8625612938952774844_audioaugmentation.wav,1.4214919
/home/ntdong/Data/STT_dataset/35.augment_08_2023/2731_14364587039726971001_time_mask.wav,0.99163043
/home/ntdong/Data/STT_dataset/duyanh/naver/20.augment_loud/6485dfc98503514001e4eb05.wav,1.4001836
/home/ntdong/Data/STT_dataset/duyanh/naver/augment_codec_bg/augment_music_mediumroom_10_dataset_full_train_958_codec_vorbis.wav,0.11856813
/home/ntdong/Data/STT_dataset/56.augment_13_11_2023/5164_6488883c629cf74c5123a7a1_audioaugmentation.wav,1.0568801
/home/ntdong/Data/STT_dataset/56.augment_13_11_2023/52419_2216_14994378125786078667_time_mask_duyanh_augment.wav,1.1545573
/home/ntdong/Data/STT_dataset/duyanh/naver/augment_codec_bg/augment_music_real_rirs_15_dataset_full_train_258_codec_ulaw.wav,0.5257156
/home/ntdong/Data/STT_dataset/duyanh/naver/augment_codec_bg/augment_music_real_rirs_10_dataset_full_train_206_codec_vorbis.wav,0.07338781
/home/ntdong/Data/STT_dataset/duyanh/naver/augment_codec_bg/augment_noise_mediumroom_15_dataset_full_train_1076_codec_gsm.wav,0.33732852
/home/ntdong/Data/STT_dataset/56.augment_13_11_2023/4693_64888509629cf7435c23a4fc_duyanh_augment.wav,1.3683172
/home/ntdong/Data/STT_dataset/56.augment_13_11_2023/312525_825_648c9a8ef73a5788447d7aa0_short_noise_duyanh_augment.wav,1.4559437
/home/ntdong/Data/STT_dataset/21.fleurs/vi_vn/audio/train/12193813807844513158.wav,1.4541378
/home/ntdong/Data/STT_dataset/52.short_noise/16990_2328_4901495034607959572_hai_compresison_aac_short_noise.wav,1.4572436
/home/ntdong/Data/STT_dataset/duyanh/naver/augment_codec_bg/augment_music_largeroom_15_dataset_full_train_1155_codec_ulaw.wav,0.030649507
/home/ntdong/Data/STT_dataset/52.short_noise/23357_2184_15410247300909145626_hai_compresison_alac_short_noise.wav,1.4382601
/home/ntdong/Data/STT_dataset/35.augment_08_2023/1493_3097523119117147857_hai_compresison_aac.wav,1.3191814
/home/ntdong/Data/STT_dataset/52.short_noise/39259_1916_3096070416170534446_time_mask_short_noise.wav,1.3236345
/home/ntdong/Data/STT_dataset/52.short_noise/4822_648b41be608325f87de97fde_short_noise.wav,1.1627582
/home/ntdong/Data/STT_dataset/56.augment_13_11_2023/2665_FPTOpenSpeechData_Set002_V0.1_003158_new_duyanh_augment.wav,1.4085153
/home/ntdong/Data/STT_dataset/52.short_noise/55175_2279_17595091747667094340_hai_compresison_alac_short_noise.wav,1.3724885
/home/ntdong/Data/STT_dataset/56.augment_13_11_2023/353651_1834_935_17197537038298792836_time_stretch_short_noise_duyanh_augment.wav,1.1807278
/home/ntdong/Data/STT_dataset/duyanh/naver/20.augment_loud/6485ec6a8503516d1ae501f4.wav,0.7873217
/home/ntdong/Data/STT_dataset/26.augment/augment_music_mediumroom_10_m4a_train_31.wav,1.1935886
/home/ntdong/Data/STT_dataset/duyanh/naver/20.augment_loud/6485e0ac850351a528e4ec6c.wav,1.1337655
/home/ntdong/Data/STT_dataset/26.augment/augment_music_smallroom_5_fpt_train_120.wav,0.016759418
/home/ntdong/Data/STT_dataset/35.augment_08_2023/1422_1449955286609274277_mp3_compression.wav,1.3219625
/home/ntdong/Data/STT_dataset/21.fleurs/vi_vn/audio/test/174887738966730674.wav,1.0843817
/home/ntdong/Data/STT_dataset/52.short_noise/6043_6485e3b18503516c98e4f184_short_noise.wav,1.1436774
/home/ntdong/Data/STT_dataset/common_voice_12_13/cv-corpus-13.0-2023-03-09/vi/clips/common_voice_vi_32592629.wav,0.59384966
/home/ntdong/Data/STT_dataset/26.augment/augment_noise_largeroom_5_fpt_train_314.wav,0.016306264
/home/ntdong/Data/STT_dataset/common_voice_12_13/cv-corpus-12.0-2022-12-07/vi/clips/common_voice_vi_32592624.wav,0.5531474
/home/ntdong/Data/STT_dataset/26.augment/augment_music_smallroom_10_fpt_train_490.wav,1.2432294
/home/ntdong/Data/STT_dataset/26.augment/augment_noise_largeroom_5_m4a_train_113.wav,0.69828594
/home/ntdong/Data/STT_dataset/duyanh/naver/20.augment_loud/648de1c84c8402104a3e3e99.wav,1.2277535
/home/ntdong/Data/STT_dataset/21.fleurs/vi_vn/audio/train/17345893298179304247.wav,1.2846925
/home/ntdong/Data/STT_dataset/1.open_fpt/wav/FPTOpenSpeechData_Set001_V0.1_009572_new_bg_noise_denoise_dns48.wav,0.73429435
/home/ntdong/Data/STT_dataset/56.augment_13_11_2023/72911_split_4_bg_noise_denoise_dns48_duyanh_augment.wav,0.63706285
/home/ntdong/Data/STT_dataset/duyanh/naver/20.augment_loud/64887eba629cf70a79239cf6.wav,1.4869279
/home/ntdong/Data/STT_dataset/duyanh/naver/augment_codec_bg/augment_music_largeroom_15_dataset_full_train_466_codec_vorbis.wav,0.032549754
/home/ntdong/Data/STT_dataset/1.open_fpt/wav/FPTOpenSpeechData_Set002_V0.1_007341_new_bg_noise_denoise_dns48.wav,1.0138533
/home/ntdong/Data/STT_dataset/52.short_noise/10668_1561_12922998950636953586_time_mask_short_noise.wav,1.372146
/home/ntdong/Data/STT_dataset/56.augment_13_11_2023/35747_712_11077041339947487884_mp3_compression_duyanh_augment.wav,1.2684861
/home/ntdong/Data/STT_dataset/52.short_noise/4054_64a19372883d15243ef241ef_short_noise.wav,1.4657139
/home/ntdong/Data/STT_dataset/52.short_noise/3639_6487500d1ae6763400b69988_short_noise.wav,1.275943
/home/ntdong/Data/STT_dataset/56.augment_13_11_2023/5727_648c6facf73a57bb5e7d0a31_duyanh_augment.wav,0.50888926
/home/ntdong/Data/STT_dataset/duyanh/naver/augment_codec_bg/augment_music_largeroom_5_dataset_full_train_1793_codec_ulaw.wav,1.2999376
/home/ntdong/Data/STT_dataset/26.augment/augment_music_real_rirs_5_zalo_train_393.wav,0.21472147
/home/ntdong/Data/STT_dataset/26.augment/augment_music_mediumroom_15_fpt_train_460.wav,0.19740169
/home/ntdong/Data/STT_dataset/duyanh/naver/augment_codec_bg/augment_music_real_rirs_5_dataset_full_train_1345_codec_ulaw.wav,0.32434207
/home/ntdong/Data/STT_dataset/26.augment/augment_music_smallroom_10_m4a_train_42.wav,0.5992814
/home/ntdong/Data/STT_dataset/56.augment_13_11_2023/1130_11804046648381968065_audioaugmentation.wav,1.3573074
/home/ntdong/Data/STT_dataset/52.short_noise/38790_204_4165941663390931674_hai_compresison_alac_short_noise.wav,1.4844184
/home/ntdong/Data/STT_dataset/35.augment_08_2023/60_6863586866721308735_time_stretch.wav,0.7696252
/home/ntdong/Data/STT_dataset/21.fleurs/vi_vn/audio/train/4165941663390931674.wav,1.313727
/home/ntdong/Data/STT_dataset/21.fleurs/vi_vn/audio/train/14992120182130342405.wav,1.2915344
/home/ntdong/Data/STT_dataset/56.augment_13_11_2023/1774_12914945894708206559_audioaugmentation.wav,1.1111028
/home/ntdong/Data/STT_dataset/21.fleurs/vi_vn/audio/train/11077041339947487884.wav,1.3791986
/home/ntdong/Data/STT_dataset/21.fleurs/vi_vn/audio/test/12082001259535908107.wav,1.3509082
/home/ntdong/Data/STT_dataset/56.augment_13_11_2023/4309_64886e9c629cf735382389f2_duyanh_augment.wav,0.57273185
/home/ntdong/Data/STT_dataset/21.fleurs/vi_vn/audio/train/9786247100438788637.wav,1.2840585
/home/ntdong/Data/STT_dataset/21.fleurs/vi_vn/audio/train/9385957981872039630.wav,1.3565804
/home/ntdong/Data/STT_dataset/26.augment/augment_music_mediumroom_5_youtube_labelled_train_84.wav,0.40246275
/home/ntdong/Data/STT_dataset/21.fleurs/vi_vn/audio/train/11931167015684131220.wav,1.3882477
/home/ntdong/Data/STT_dataset/56.augment_13_11_2023/51547_887_18427498331999622260_mp3_compression_duyanh_augment.wav,1.0404215
/home/ntdong/Data/STT_dataset/21.fleurs/vi_vn/audio/train/1639841766040668829.wav,1.473879
/home/ntdong/Data/STT_dataset/35.augment_08_2023/695_12076114951074889425_time_stretch.wav,1.1136476
/home/ntdong/Data/STT_dataset/56.augment_13_11_2023/55978_1841_6370619779227197052_time_mask_audioaugmentation.wav,1.4475387
/home/ntdong/Data/STT_dataset/56.augment_13_11_2023/51281_1225_9232285001659191626_time_stretch_duyanh_augment.wav,0.7202288
/home/ntdong/Data/STT_dataset/duyanh/naver/augment_codec_bg/augment_music_largeroom_15_dataset_full_train_654_codec_ulaw.wav,0.028395293
/home/ntdong/Data/STT_dataset/26.augment/augment_noise_largeroom_10_m4a_train_422.wav,0.024632817
/home/ntdong/Data/STT_dataset/duyanh/naver/20.augment_loud/6485e3b18503516c98e4f184.wav,1.111867
/home/ntdong/Data/STT_dataset/duyanh/naver/20.augment_loud/648db39d4c84023aa13deb83.wav,1.2657112
/home/ntdong/Data/STT_dataset/21.fleurs/vi_vn/audio/train/8176845782650210285.wav,0.97201574
/home/ntdong/Data/STT_dataset/52.short_noise/7114_2619_9652404536445760873_hai_compresison_alac_short_noise.wav,1.3229115
/home/ntdong/Data/STT_dataset/52.short_noise/22946_2737_6533195788186937056_mp3_compression_short_noise.wav,1.3165115
/home/ntdong/Data/STT_dataset/21.fleurs/vi_vn/audio/train/316946273203335196.wav,1.4491969
/home/ntdong/Data/STT_dataset/56.augment_13_11_2023/1299_12577018946731356415_duyanh_augment.wav,1.1799325
/home/ntdong/Data/STT_dataset/common_voice_12_13/cv-corpus-12.0-2022-12-07/vi/clips/common_voice_vi_32592629.wav,0.59384966
/home/ntdong/Data/STT_dataset/10.telesale/audio_telesale/ntuy/1581567969.280100_16k.wav/split_0/split_0_bg_noise_denoise_dns48.wav,1.1635305
/home/ntdong/Data/STT_dataset/52.short_noise/4961_648f1235bd5f01cb0cbbcaa5_short_noise.wav,0.80590075
/home/ntdong/Data/STT_dataset/52.short_noise/55426_4690_new_bg_noise_denoise_dns48_short_noise.wav,0.37377095
/home/ntdong/Data/STT_dataset/56.augment_13_11_2023/15857_common_voice_vi_33367437_duyanh_augment.wav,1.0598084
/home/ntdong/Data/STT_dataset/56.augment_13_11_2023/234062_3232_648c85d3f73a5726527d4bfc_short_noise_audioaugmentation.wav,1.3731483
/home/ntdong/Data/STT_dataset/56.augment_13_11_2023/373_3867010376758210728_duyanh_augment.wav,1.340808
/home/ntdong/Data/STT_dataset/52.short_noise/1108_648725251ae6766bd1b658bd_short_noise.wav,1.1112394
/home/ntdong/Data/STT_dataset/21.fleurs/vi_vn/audio/train/10381674204990045976.wav,1.3146285
/home/ntdong/Data/STT_dataset/duyanh/naver/augment_codec_bg/augment_music_largeroom_15_dataset_full_train_1840_codec_ulaw.wav,0.29886138
/home/ntdong/Data/STT_dataset/52.short_noise/11914_2116_10381674204990045976_time_mask_short_noise.wav,1.0559223
/home/ntdong/Data/STT_dataset/duyanh/naver/augment_codec_bg/augment_music_real_rirs_5_dataset_full_train_340_codec_gsm.wav,0.9331141
/home/ntdong/Data/STT_dataset/52.short_noise/17672_2055_2818092917230003417_time_stretch_short_noise.wav,1.3798131
/home/ntdong/Data/STT_dataset/26.augment/augment_noise_smallroom_15_zalo_train_68.wav,0.9363341
/home/ntdong/Data/STT_dataset/56.augment_13_11_2023/248169_5150_6483554fd9f569d635420e40_short_noise_duyanh_augment.wav,1.1312647
/home/ntdong/Data/STT_dataset/26.augment/augment_music_smallroom_10_fpt_train_398.wav,0.5955497
/home/ntdong/Data/STT_dataset/52.short_noise/5560_64888fc9629cf7b7b123ae37_short_noise.wav,0.9386213
/home/ntdong/Data/STT_dataset/35.augment_08_2023/766_12082001259535908107_time_mask.wav,1.1312547
/home/ntdong/Data/STT_dataset/35.augment_08_2023/2331_11789068583247734911_time_mask.wav,1.2841942
/home/ntdong/Data/STT_dataset/21.fleurs/vi_vn/audio/train/6365545002860882088.wav,1.1632293
/home/ntdong/Data/STT_dataset/52.short_noise/5701_2181_11931167015684131220_time_mask_short_noise.wav,1.2336795
/home/ntdong/Data/STT_dataset/56.augment_13_11_2023/105567_33043_695_12076114951074889425_time_stretch_short_noise_duyanh_augment.wav,0.37476093
/home/ntdong/Data/STT_dataset/duyanh/naver/augment_codec_bg/augment_music_mediumroom_10_dataset_full_train_1449_codec_ulaw.wav,0.49667722
/home/ntdong/Data/STT_dataset/26.augment/augment_noise_largeroom_5_vlsp_asr_2021_train_3.wav,0.4519025
/home/ntdong/Data/STT_dataset/26.augment/augment_music_smallroom_10_zalo_train_95.wav,0.22358507
/home/ntdong/Data/STT_dataset/26.augment/augment_music_largeroom_5_mix_train_51.wav,0.47553578
/home/ntdong/Data/STT_dataset/duyanh/naver/augment_codec_bg/augment_music_real_rirs_10_dataset_full_train_1775_codec_vorbis.wav,0.012451081
/home/ntdong/Data/STT_dataset/21.fleurs/vi_vn/audio/train/13424906376101551094.wav,1.3146296
/home/ntdong/Data/STT_dataset/56.augment_13_11_2023/98911_16990_2328_4901495034607959572_hai_compresison_aac_short_noise_duyanh_augment.wav,1.4745013
/home/ntdong/Data/STT_dataset/52.short_noise/6329_725_10321166216118554629_time_stretch_short_noise.wav,1.063985
/home/ntdong/Data/STT_dataset/52.short_noise/33043_695_12076114951074889425_time_stretch_short_noise.wav,1.1757298
/home/ntdong/Data/STT_dataset/56.augment_13_11_2023/2449_648b1b5d6083257e10e92071_duyanh_augment.wav,0.83562046
/home/ntdong/Data/STT_dataset/duyanh/naver/augment_codec_bg/augment_noise_smallroom_5_dataset_full_train_733_codec_vorbis.wav,0.0030908762
/home/ntdong/Data/STT_dataset/26.augment/augment_music_smallroom_10_vov_ngoc_anh_train_15.wav,1.4854544
/home/ntdong/Data/STT_dataset/56.augment_13_11_2023/24506_2570_5128117065769114297_time_stretch_audioaugmentation.wav,0.52834624
/home/ntdong/Data/STT_dataset/duyanh/naver/20.augment_loud/64872a691ae676ae45b6627f.wav,1.2165333
/home/ntdong/Data/STT_dataset/52.short_noise/3146_648b334d608325ad58e95d7a_short_noise.wav,1.1559232
/home/ntdong/Data/STT_dataset/26.augment/augment_noise_largeroom_5_zalo_train_0.wav,0.016535275
/home/ntdong/Data/STT_dataset/26.augment/augment_music_smallroom_10_youtube_labelled_train_12.wav,0.7590771
/home/ntdong/Data/STT_dataset/duyanh/naver/augment_codec_bg/augment_music_smallroom_15_dataset_full_train_97_codec_vorbis.wav,0.020776743
/home/ntdong/Data/STT_dataset/56.augment_13_11_2023/2819_10035666751697940633_duyanh_augment.wav,0.4394521
/home/ntdong/Data/STT_dataset/35.augment_08_2023/2181_11931167015684131220_time_mask.wav,1.1818535
/home/ntdong/Data/STT_dataset/56.augment_13_11_2023/10259_augment_noise_smallroom_15_youtube_labelled_train_77_duyanh_augment.wav,0.040610928
/home/ntdong/Data/STT_dataset/duyanh/naver/augment_codec_bg/augment_music_real_rirs_5_dataset_full_train_1412_codec_ulaw.wav,1.2040837
/home/ntdong/Data/STT_dataset/duyanh/naver/augment_codec_bg/augment_music_mediumroom_10_dataset_full_train_628_codec_vorbis.wav,0.07724029
/home/ntdong/Data/STT_dataset/56.augment_13_11_2023/35727_625_14301927587603944474_time_stretch_duyanh_augment.wav,0.20978254
/home/ntdong/Data/STT_dataset/duyanh/naver/augment_codec_bg/augment_music_smallroom_10_dataset_full_train_207_codec_gsm.wav,0.38452214
/home/ntdong/Data/STT_dataset/26.augment/augment_music_smallroom_10_mix_train_430.wav,0.22721455
/home/ntdong/Data/STT_dataset/duyanh/naver/augment_codec_bg/augment_music_real_rirs_5_dataset_full_train_158_codec_gsm.wav,0.3911625
/home/ntdong/Data/STT_dataset/56.augment_13_11_2023/63081_speaker_693-138759-1_new_duyanh_augment.wav,1.4047304
/home/ntdong/Data/STT_dataset/26.augment/augment_noise_mediumroom_5_mix_train_84.wav,0.016589912
/home/ntdong/Data/STT_dataset/duyanh/naver/augment_codec_bg/augment_music_smallroom_10_dataset_full_train_1022_codec_ulaw.wav,0.42887282
/home/ntdong/Data/STT_dataset/21.fleurs/vi_vn/audio/train/11465833156803249218.wav,1.4969529
/home/ntdong/Data/STT_dataset/common_voice_12_13/cv-corpus-12.0-2022-12-07/vi/clips/common_voice_vi_32592625.wav,0.5312792
/home/ntdong/Data/STT_dataset/52.short_noise/3181_2175_17421180706520506191_time_stretch_short_noise.wav,0.8372272
/home/ntdong/Data/STT_dataset/52.short_noise/34111_2519_12914945894708206559_hai_compresison_alac_short_noise.wav,1.3412417
/home/ntdong/Data/STT_dataset/56.augment_13_11_2023/5083_648c9bfff73a574b977d7b52_duyanh_augment.wav,0.6856172
/home/ntdong/Data/STT_dataset/21.fleurs/vi_vn/audio/test/10348723993292846786.wav,1.4220966
/home/ntdong/Data/STT_dataset/duyanh/naver/augment_codec_bg/augment_music_smallroom_10_dataset_full_train_1375_codec_gsm.wav,0.71428853
/home/ntdong/Data/STT_dataset/21.fleurs/vi_vn/audio/train/7597420532255359888.wav,1.4433976
/home/ntdong/Data/STT_dataset/21.fleurs/vi_vn/audio/train/2471217479896420167.wav,0.7050526
/home/ntdong/Data/STT_dataset/duyanh/naver/augment_codec_bg/augment_music_mediumroom_5_dataset_full_train_232_codec_ulaw.wav,0.11855626
/home/ntdong/Data/STT_dataset/duyanh/naver/20.augment_loud/648ad812b7c444a632394d3c.wav,1.1654263
/home/ntdong/Data/STT_dataset/56.augment_13_11_2023/2579_17595091747667094340_duyanh_augment.wav,1.3568224
/home/ntdong/Data/STT_dataset/21.fleurs/vi_vn/audio/train/17737379617147374137.wav,1.4666966
/home/ntdong/Data/STT_dataset/56.augment_13_11_2023/5321_64a826c8a35d0afd6be9c067_duyanh_augment.wav,0.54284644
/home/ntdong/Data/STT_dataset/56.augment_13_11_2023/1369_11906420173557259212_duyanh_augment.wav,0.66318816
/home/ntdong/Data/STT_dataset/52.short_noise/12691_2165_6365545002860882088_time_stretch_short_noise.wav,0.6928941
/home/ntdong/Data/STT_dataset/52.short_noise/37986_2685_8198165580834069641_time_stretch_short_noise.wav,1.2688781
/home/ntdong/Data/STT_dataset/26.augment/augment_noise_real_rirs_5_zalo_train_139.wav,0.017153943
/home/ntdong/Data/STT_dataset/duyanh/naver/augment_codec_bg/augment_noise_mediumroom_5_dataset_full_train_1027_codec_gsm.wav,0.44488138
/home/ntdong/Data/STT_dataset/56.augment_13_11_2023/1112_augment_music_real_rirs_10_mix_train_232_audioaugmentation.wav,0.3275367
/home/ntdong/Data/STT_dataset/52.short_noise/5074_648c8108f73a5757867d3ac8_short_noise.wav,1.2260355
/home/ntdong/Data/STT_dataset/52.short_noise/824_620_13034599260300588115_time_stretch_short_noise.wav,1.0770907
/home/ntdong/Data/STT_dataset/21.fleurs/vi_vn/audio/train/5306203097775605043.wav,1.4428195
/home/ntdong/Data/STT_dataset/52.short_noise/38310_2556_3489727569181249899_time_mask_short_noise.wav,1.4453535
/home/ntdong/Data/STT_dataset/duyanh/naver/augment_codec_bg/augment_music_smallroom_10_dataset_full_train_860_codec_gsm.wav,0.3526358
/home/ntdong/Data/STT_dataset/56.augment_13_11_2023/24122_augment_noise_real_rirs_15_mix_train_330_audioaugmentation.wav,0.03421656
/home/ntdong/Data/STT_dataset/56.augment_13_11_2023/11177_augment_noise_mediumroom_5_mix_train_302_duyanh_augment.wav,0.110764325
/home/ntdong/Data/STT_dataset/26.augment/augment_music_largeroom_5_mix_train_380.wav,1.3929906
/home/ntdong/Data/STT_dataset/52.short_noise/14980_712_11077041339947487884_mp3_compression_short_noise.wav,1.4796095
/home/ntdong/Data/STT_dataset/56.augment_13_11_2023/62447_augment_music_largeroom_15_2022_12_cleaned_cmc_train_6_duyanh_augment.wav,0.9601951
/home/ntdong/Data/STT_dataset/56.augment_13_11_2023/116853_3764760_lannhi_nu_nam_new_bg_noise_denoise_dns48_duyanh_augment.wav,0.11887478
/home/ntdong/Data/STT_dataset/duyanh/naver/augment_codec_bg/augment_music_smallroom_5_dataset_full_train_256_codec_ulaw.wav,0.035270795
/home/ntdong/Data/STT_dataset/35.augment_08_2023/2279_17595091747667094340_hai_compresison_alac.wav,1.3479614
/home/ntdong/Data/STT_dataset/fpt/nam/nu/3764760_lannhi_nu_nam_new_bg_noise_denoise_dns48.wav,0.13499834
/home/ntdong/Data/STT_dataset/26.augment/augment_noise_largeroom_15_youtube_12_2022_train_142.wav,0.038075052
/home/ntdong/Data/STT_dataset/35.augment_08_2023/2116_10381674204990045976_time_mask.wav,1.0319395
/home/ntdong/Data/STT_dataset/56.augment_13_11_2023/5737_6485c660850351acd8e4c68b_duyanh_augment.wav,0.50325537
/home/ntdong/Data/STT_dataset/duyanh/naver/augment_codec_bg/augment_noise_largeroom_10_dataset_full_train_1641_codec_ulaw.wav,0.014645433
/home/ntdong/Data/STT_dataset/26.augment/augment_noise_smallroom_5_zalo_train_381.wav,1.0132116
/home/ntdong/Data/STT_dataset/56.augment_13_11_2023/146946_27203_165_18012980085446225621_time_stretch_short_noise_audioaugmentation.wav,0.968673
/home/ntdong/Data/STT_dataset/56.augment_13_11_2023/14413_augment_noise_smallroom_10_fpt_train_176_duyanh_augment.wav,1.2118019
/home/ntdong/Data/STT_dataset/52.short_noise/21554_1816_8573970136125886089_time_mask_short_noise.wav,1.4790932
/home/ntdong/Data/STT_dataset/duyanh/naver/augment_codec_bg/augment_noise_mediumroom_10_dataset_full_train_1028_codec_ulaw.wav,0.0035781562
/home/ntdong/Data/STT_dataset/duyanh/naver/augment_codec_bg/augment_music_smallroom_5_dataset_full_train_1196_codec_ulaw.wav,0.8299665
/home/ntdong/Data/STT_dataset/duyanh/naver/augment_codec_bg/augment_music_real_rirs_15_dataset_full_train_1696_codec_ulaw.wav,0.02123849
/home/ntdong/Data/STT_dataset/52.short_noise/4775_6484747f19e040b06e5e2016_short_noise.wav,1.2945851
/home/ntdong/Data/STT_dataset/duyanh/naver/20.augment_loud/648f354ebd5f01db4bbc033f.wav,1.3973373
/home/ntdong/Data/STT_dataset/56.augment_13_11_2023/6889_augment_noise_smallroom_5_m4a_train_136_duyanh_augment.wav,0.019810723
/home/ntdong/Data/STT_dataset/10.telesale/audio_telesale/nlinh/1576055335.86411_16k.wav/split_2/split_2_bg_noise_denoise_dns48.wav,0.15023449
/home/ntdong/Data/STT_dataset/duyanh/naver/20.augment_loud/648dbd114c84024d683dfb7f.wav,1.3237902
/home/ntdong/Data/STT_dataset/26.augment/augment_music_mediumroom_15_m4a_train_321.wav,0.035840705
/home/ntdong/Data/STT_dataset/duyanh/naver/20.augment_loud/64831b57d9f5691e0441ef65.wav,1.3275188
/home/ntdong/Data/STT_dataset/35.augment_08_2023/1224_9088029412031891891_hai_compresison_alac.wav,1.1535442
/home/ntdong/Data/STT_dataset/56.augment_13_11_2023/29289_common_voice_vi_32592620_duyanh_augment.wav,0.28320572
/home/ntdong/Data/STT_dataset/26.augment/augment_noise_largeroom_5_m4a_train_274.wav,0.026895408
/home/ntdong/Data/STT_dataset/35.augment_08_2023/2056_13017297814584303276_time_mask.wav,1.0341444
/home/ntdong/Data/STT_dataset/52.short_noise/6020_common_voice_vi_32592623_short_noise.wav,0.5991061
/home/ntdong/Data/STT_dataset/21.fleurs/vi_vn/audio/train/3731203061510056463.wav,1.2771727
/home/ntdong/Data/STT_dataset/26.augment/augment_noise_real_rirs_15_raw_youtube_mien_trung_train_114.wav,0.04138234
/home/ntdong/Data/STT_dataset/56.augment_13_11_2023/135189_52958_1360_3773994897471510851_time_stretch_short_noise_duyanh_augment.wav,1.4359285
/home/ntdong/Data/STT_dataset/duyanh/naver/augment_codec_bg/augment_music_real_rirs_10_dataset_full_train_1389_codec_vorbis.wav,0.7420643
/home/ntdong/Data/STT_dataset/duyanh/naver/augment_codec_bg/augment_music_smallroom_10_dataset_full_train_1677_codec_gsm.wav,0.6667882
/home/ntdong/Data/STT_dataset/56.augment_13_11_2023/537_6863586866721308735_duyanh_augment.wav,1.175021
/home/ntdong/Data/STT_dataset/52.short_noise/53835_780_17767789105070540542_time_stretch_short_noise.wav,0.8507918
/home/ntdong/Data/STT_dataset/52.short_noise/1229_617_3_compose_gain_short_noise.wav,1.4454436
/home/ntdong/Data/STT_dataset/52.short_noise/7397_common_voice_vi_32592629_short_noise.wav,0.69111586
/home/ntdong/Data/STT_dataset/26.augment/augment_noise_largeroom_10_youtube_12_2022_train_53.wav,1.4904754
/home/ntdong/Data/STT_dataset/52.short_noise/3301_64834fa9d9f569bf45420a99_short_noise.wav,1.2919616